-- phpMyAdmin SQL Dump
-- version 4.6.5.2
-- https://www.phpmyadmin.net/
--
-- Host: 127.0.0.1
-- Generation Time: Feb 01, 2022 at 06:34 PM
-- Server version: 10.1.21-MariaDB
-- PHP Version: 5.6.30

SET SQL_MODE = "NO_AUTO_VALUE_ON_ZERO";
SET time_zone = "+00:00";


/*!40101 SET @OLD_CHARACTER_SET_CLIENT=@@CHARACTER_SET_CLIENT */;
/*!40101 SET @OLD_CHARACTER_SET_RESULTS=@@CHARACTER_SET_RESULTS */;
/*!40101 SET @OLD_COLLATION_CONNECTION=@@COLLATION_CONNECTION */;
/*!40101 SET NAMES utf8mb4 */;

--
-- Database: `db_hesabdari`
--
CREATE DATABASE IF NOT EXISTS `db_hesabdari` DEFAULT CHARACTER SET utf8 COLLATE utf8_persian_ci;
USE `db_hesabdari`;

-- --------------------------------------------------------

--
-- Table structure for table `tbl_afrad`
--

CREATE TABLE `tbl_afrad` (
  `id` int(11) NOT NULL,
  `hesabID` int(11) NOT NULL,
  `nam` varchar(30) COLLATE utf8_persian_ci NOT NULL,
  `vaziat` tinyint(4) NOT NULL DEFAULT '1',
  `noe` tinyint(4) NOT NULL,
  `tartib` int(11) NOT NULL DEFAULT '0',
  `namayesh` tinyint(4) NOT NULL DEFAULT '1'
) ENGINE=InnoDB DEFAULT CHARSET=utf8 COLLATE=utf8_persian_ci;

--
-- Dumping data for table `tbl_afrad`
--

INSERT INTO `tbl_afrad` (`id`, `hesabID`, `nam`, `vaziat`, `noe`, `tartib`, `namayesh`) VALUES
(1, 0, 'نامشخص', 0, 0, 0, 0),
(2, 0, 'دیگران...', 1, 0, 0, 1),
(3, 1, 'بابا', 1, 1, 1, 1),
(4, 1, 'مهدی', 1, 1, 8, 1),
(5, 1, 'خودم', 1, 1, 10, 1),
(6, 1, 'سید امیر', 0, 3, 0, 0),
(7, 1, 'مصطفی مجتهدزاده', 1, 1, 2, 1),
(8, 1, 'حمید محمدزاده', 1, 1, 9, 0),
(9, 1, 'بانک', 1, 3, 3, 1),
(11, 1, 'سجاد قاسم زاده', 1, 1, 12, 0),
(12, 1, 'معین مویزی', 1, 1, 14, 0),
(13, 1, 'سید', 1, 1, 13, 0),
(14, 1, 'امیرحسین پلوئیان', 1, 1, 11, 1),
(15, 1, 'بهزاد مصدقیان', 0, 1, 0, 0),
(16, 1, 'مهدی جوادی فر', 1, 1, 4, 1),
(17, 1, 'مرتضی باغستانی', 1, 1, 5, 1),
(18, 1, 'مامان', 1, 1, 15, 1),
(19, 1, 'سد امیر', 1, 3, 7, 1),
(22, 1, 'امین شبانی', 1, 2, 6, 1);

-- --------------------------------------------------------

--
-- Table structure for table `tbl_bank`
--

CREATE TABLE `tbl_bank` (
  `id` int(11) NOT NULL,
  `nam` varchar(30) COLLATE utf8_persian_ci NOT NULL
) ENGINE=InnoDB DEFAULT CHARSET=utf8 COLLATE=utf8_persian_ci;

--
-- Dumping data for table `tbl_bank`
--

INSERT INTO `tbl_bank` (`id`, `nam`) VALUES
(1, 'ملی'),
(2, 'سپه'),
(3, 'انصار'),
(4, 'آینده'),
(5, 'کشاورزی'),
(6, 'مسکن'),
(7, 'مهراقتصاد'),
(8, 'ملت'),
(9, 'پارسیان'),
(10, 'پاسارگاد'),
(11, 'رفاه'),
(12, 'صادرات'),
(13, 'سامان'),
(14, 'سرمایه'),
(15, 'تجارت');

-- --------------------------------------------------------

--
-- Table structure for table `tbl_dasteh`
--

CREATE TABLE `tbl_dasteh` (
  `id` int(11) NOT NULL,
  `hesabID` int(11) NOT NULL,
  `onvan` varchar(30) COLLATE utf8_persian_ci NOT NULL,
  `vaziat` tinyint(4) NOT NULL DEFAULT '1',
  `noe` tinyint(4) NOT NULL,
  `tartib` int(11) NOT NULL DEFAULT '0',
  `namayesh` tinyint(4) NOT NULL DEFAULT '1'
) ENGINE=InnoDB DEFAULT CHARSET=utf8 COLLATE=utf8_persian_ci;

--
-- Dumping data for table `tbl_dasteh`
--

INSERT INTO `tbl_dasteh` (`id`, `hesabID`, `onvan`, `vaziat`, `noe`, `tartib`, `namayesh`) VALUES
(1, 0, 'دیگر...', 1, 0, 0, 1),
(2, 1, 'خرید خانه', 1, 1, 1, 1),
(3, 1, 'خرید خودم', 1, 2, 2, 1),
(4, 1, 'قرض به کسی', 1, 2, 14, 1),
(5, 1, 'قرض از کسی', 1, 3, 16, 1),
(6, 1, 'خودم', 1, 3, 17, 1),
(7, 1, 'حقوق', 1, 3, 7, 1),
(8, 1, 'ماهانه', 0, 3, 0, 0),
(9, 1, 'سود بانکی', 1, 3, 5, 1),
(10, 1, 'اینترنت', 0, 4, 0, 0),
(11, 1, 'شارژ تلفن', 1, 4, 8, 1),
(12, 1, 'خرید اینترنتی', 1, 4, 6, 1),
(13, 1, 'تاکسی', 1, 4, 4, 1),
(14, 1, 'من کارت', 1, 4, 3, 1),
(18, 1, 'بسته اینترنت', 1, 4, 9, 1),
(19, 1, 'دانشگاه', 1, 4, 10, 1),
(20, 1, 'شهریه', 1, 3, 13, 1),
(21, 1, 'برگشت قرض', 1, 3, 15, 1),
(22, 1, 'تمرین / امتحان', 1, 1, 11, 1),
(26, 1, 'هدیه', 1, 2, 12, 1);

-- --------------------------------------------------------

--
-- Table structure for table `tbl_hesab`
--

CREATE TABLE `tbl_hesab` (
  `id` int(11) NOT NULL,
  `nam` varchar(30) COLLATE utf8_persian_ci NOT NULL,
  `vaziat` tinyint(4) NOT NULL DEFAULT '1',
  `bankID` tinyint(4) NOT NULL,
  `shomHesab` varchar(100) COLLATE utf8_persian_ci NOT NULL,
  `shomKart` char(16) COLLATE utf8_persian_ci NOT NULL,
  `mablaghTaraz` bigint(20) NOT NULL DEFAULT '0',
  `tarikhEftetah` char(10) COLLATE utf8_persian_ci NOT NULL,
  `tartib` tinyint(4) NOT NULL
) ENGINE=InnoDB DEFAULT CHARSET=utf8 COLLATE=utf8_persian_ci;

--
-- Dumping data for table `tbl_hesab`
--

INSERT INTO `tbl_hesab` (`id`, `nam`, `vaziat`, `bankID`, `shomHesab`, `shomKart`, `mablaghTaraz`, `tarikhEftetah`, `tartib`) VALUES
(1, 'محمد پوربهزاد', 1, 1, '0216740088002', '6037997594541550', 7118781, '1399/09/01', 1);

-- --------------------------------------------------------

--
-- Table structure for table `tbl_soorathesab`
--

CREATE TABLE `tbl_soorathesab` (
  `id` int(11) NOT NULL,
  `hesabID` int(11) NOT NULL,
  `khoroojiAst` tinyint(4) NOT NULL,
  `noeID` tinyint(4) NOT NULL DEFAULT '0',
  `vasilehID` tinyint(4) NOT NULL,
  `dastehID` int(11) NOT NULL,
  `fardID` int(11) NOT NULL DEFAULT '0',
  `mablagh` bigint(20) NOT NULL,
  `vaziat` tinyint(4) NOT NULL DEFAULT '1',
  `tarikh` char(10) COLLATE utf8_persian_ci NOT NULL,
  `tozih` text COLLATE utf8_persian_ci NOT NULL,
  `zamanSabt` char(19) COLLATE utf8_persian_ci NOT NULL
) ENGINE=InnoDB DEFAULT CHARSET=utf8 COLLATE=utf8_persian_ci;

--
-- Dumping data for table `tbl_soorathesab`
--

INSERT INTO `tbl_soorathesab` (`id`, `hesabID`, `khoroojiAst`, `noeID`, `vasilehID`, `dastehID`, `fardID`, `mablagh`, `vaziat`, `tarikh`, `tozih`, `zamanSabt`) VALUES
(1, 1, 1, 2, 5, 12, 0, 590000, 1, '1399/09/01', 'میکروفون یقه ای (از دیجی کالا)', '1400/10/24 18:05:00'),
(2, 1, 1, 2, 5, 13, 0, 130000, 1, '1399/09/02', 'اسنپ از خونه تا شرکت', '1400/10/24 18:05:00'),
(3, 1, 1, 2, 3, 3, 13, 306000, 1, '1399/09/02', 'دستبند تولد لیانا', '1400/10/24 18:05:00'),
(4, 1, 1, 1, 1, 2, 0, 525000, 1, '1399/09/03', 'نان تست - سس', '1400/10/24 18:05:00'),
(5, 1, 0, 0, 0, 1, 7, 350000, 1, '1399/09/04', 'پول آب کله', '1400/10/24 18:05:00'),
(6, 1, 1, 2, 5, 13, 0, 30000, 1, '1399/09/04', 'اسنپ از خونه تا شرکت', '1400/10/24 18:05:00'),
(7, 1, 1, 1, 1, 1, 0, 350000, 1, '1399/09/04', 'پول آب کله', '1400/10/24 18:05:00'),
(8, 1, 1, 2, 5, 13, 0, 30000, 1, '1399/09/04', 'اسنپ از شرکت تا خونه', '1400/10/24 18:05:00'),
(9, 1, 1, 1, 1, 2, 0, 100000, 1, '1399/09/05', 'نان', '1400/10/24 18:05:00'),
(10, 1, 1, 1, 1, 2, 0, 165000, 1, '1399/09/05', 'سوسیس', '1400/10/24 18:05:00'),
(11, 1, 1, 1, 1, 2, 0, 745700, 1, '1399/09/05', 'نوشابه  - سس - بیسکویت', '1400/10/24 18:05:00'),
(12, 1, 1, 2, 5, 14, 0, 100000, 1, '1399/09/06', '', '1400/10/24 18:05:00'),
(13, 1, 1, 2, 5, 13, 0, 25000, 1, '1399/09/06', 'اسنپ از شرکت تا سلمونی', '1400/10/24 18:05:00'),
(14, 1, 1, 1, 1, 3, 0, 250000, 1, '1399/09/06', 'سلمونی', '1400/10/24 18:05:00'),
(15, 1, 0, 0, 0, 2, 3, 5710000, 1, '1399/09/07', '', '1400/10/24 18:05:00'),
(16, 1, 1, 1, 1, 2, 0, 107000, 1, '1399/09/07', 'هویج', '1400/10/24 18:05:00'),
(17, 1, 1, 1, 1, 2, 0, 100000, 1, '1399/09/07', 'نان', '1400/10/24 18:05:00'),
(18, 1, 1, 1, 1, 3, 0, 38000, 1, '1399/09/09', 'خوراکی', '1400/10/24 18:05:00'),
(19, 1, 0, 0, 0, 1, 16, 63000, 1, '1399/09/09', 'پول خوراکی', '1400/10/24 18:05:00'),
(20, 1, 1, 2, 5, 13, 0, 40000, 1, '1399/09/09', 'اسنپ از خونه تا حسینیه', '1400/10/24 18:05:00'),
(21, 1, 1, 2, 5, 13, 0, 60000, 1, '1399/09/09', 'اسنپ از حسینیه تا خونه', '1400/10/24 18:05:00'),
(22, 1, 1, 2, 5, 13, 0, 50000, 1, '1399/09/10', 'اسنپ از خونه تا شرکت', '1400/10/24 18:05:00'),
(23, 1, 0, 0, 0, 1, 7, 128000, 1, '1399/09/10', 'پول خوراکی آقا مصطفی و احمد', '1400/10/24 18:05:00'),
(24, 1, 1, 1, 1, 2, 0, 2685000, 1, '1399/09/10', 'پیتزا', '1400/10/24 18:05:00'),
(25, 1, 1, 2, 5, 14, 0, 100000, 1, '1399/09/11', '', '1400/10/24 18:05:00'),
(26, 1, 1, 1, 1, 3, 0, 27000, 1, '1399/09/12', 'خوراکی', '1400/10/24 18:05:00'),
(27, 1, 1, 2, 5, 13, 0, 50000, 1, '1399/09/12', 'اسنپ از خونه تا شرکت', '1400/10/24 18:05:00'),
(28, 1, 1, 2, 5, 14, 0, 100000, 1, '1399/09/13', '', '1400/10/24 18:05:00'),
(29, 1, 1, 1, 1, 3, 0, 213000, 1, '1399/09/13', 'نوشابه با بچه ها', '1400/10/24 18:05:00'),
(30, 1, 1, 1, 1, 2, 0, 177800, 1, '1399/09/14', 'ماست و نوشابه', '1400/10/24 18:05:00'),
(31, 1, 1, 2, 5, 11, 0, 54500, 1, '1399/09/14', '', '1400/10/24 18:05:00'),
(32, 1, 1, 2, 5, 11, 0, 50000, 1, '1399/09/14', '', '1400/10/24 18:05:00'),
(33, 1, 1, 2, 5, 12, 0, 148000, 1, '1399/09/14', 'اشتراک 1 ماهه میهن دانلود', '1400/10/24 18:05:00'),
(34, 1, 1, 2, 5, 13, 0, 80000, 1, '1399/09/16', 'اسنپ از خونه تا شرکت', '1400/10/24 18:05:00'),
(35, 1, 1, 2, 3, 3, 16, 96000, 1, '1399/09/17', 'پول آب کله', '1400/10/24 18:05:00'),
(36, 1, 1, 1, 1, 2, 0, 175000, 1, '1399/09/18', 'تخمه', '1400/10/24 18:05:00'),
(37, 1, 1, 2, 5, 13, 0, 40000, 1, '1399/09/18', 'اسنپ از خونه تا حسینیه پلوئیان', '1400/10/24 18:05:00'),
(38, 1, 1, 2, 3, 3, 11, 196000, 1, '1399/09/18', 'پول ساندویچ', '1400/10/24 18:05:00'),
(39, 1, 1, 1, 1, 2, 0, 175600, 1, '1399/09/19', 'نوشابه و دلستر', '1400/10/24 18:05:00'),
(40, 1, 1, 1, 1, 1, 0, 523473, 1, '1399/09/19', 'خوراکی شرکت', '1400/10/24 18:05:00'),
(41, 1, 1, 2, 5, 13, 0, 75000, 1, '1399/09/20', 'اسنپ از خونه تا شرکت', '1400/10/24 18:05:00'),
(42, 1, 0, 0, 0, 1, 7, 200000, 1, '1399/09/20', 'پول خوراکی آقا مصطفی و احمد', '1400/10/24 18:05:00'),
(43, 1, 1, 2, 5, 14, 0, 100000, 1, '1399/09/20', '', '1400/10/24 18:05:00'),
(44, 1, 1, 1, 1, 2, 0, 233700, 1, '1399/09/21', 'ماست', '1400/10/24 18:05:00'),
(45, 1, 1, 1, 1, 2, 0, 118750, 1, '1399/09/21', 'دوغ', '1400/10/24 18:05:00'),
(46, 1, 0, 0, 0, 9, 9, 33788, 1, '1399/09/21', '', '1400/10/24 18:05:00'),
(47, 1, 1, 2, 5, 13, 0, 105000, 1, '1399/09/23', 'اسنپ از خونه تا شرکت', '1400/10/24 18:05:00'),
(48, 1, 1, 1, 1, 2, 0, 725000, 1, '1399/09/23', 'غذا - کباب', '1400/10/24 18:05:00'),
(49, 1, 1, 2, 5, 13, 0, 45000, 1, '1399/09/23', 'اسنپ از خونه تا حسینیه پلوئیان', '1400/10/24 18:05:00'),
(50, 1, 1, 1, 1, 26, 0, 1850000, 1, '1399/09/23', 'فلش تولد مهدی', '1400/10/24 18:05:00'),
(51, 1, 1, 2, 3, 3, 16, 146000, 1, '1399/09/24', 'پول آب کله', '1400/10/24 18:05:00'),
(52, 1, 1, 2, 5, 18, 0, 512300, 1, '1399/09/24', '', '1400/10/24 18:05:00'),
(53, 1, 1, 1, 1, 2, 0, 89100, 1, '1399/09/25', 'نوشابه', '1400/10/24 18:05:00'),
(54, 1, 1, 1, 1, 2, 0, 80000, 1, '1399/09/25', 'نان بسته ای', '1400/10/24 18:05:00'),
(55, 1, 1, 1, 1, 2, 0, 50000, 1, '1399/09/26', 'نان', '1400/10/24 18:05:00'),
(56, 1, 1, 2, 5, 14, 0, 100000, 1, '1399/09/27', '', '1400/10/24 18:05:00'),
(57, 1, 1, 1, 1, 2, 0, 70000, 1, '1399/09/27', 'نان ساندویچی', '1400/10/24 18:05:00'),
(58, 1, 1, 1, 1, 2, 0, 193200, 1, '1399/09/28', 'نوشابه و دوغ', '1400/10/24 18:05:00'),
(59, 1, 1, 2, 5, 13, 0, 65000, 1, '1399/09/30', 'اسنپ از خونه تا شرکت', '1400/10/24 18:05:00'),
(60, 1, 1, 2, 3, 3, 7, 87250, 1, '1399/09/30', 'پول آب کله', '1400/10/24 18:05:00'),
(61, 1, 1, 2, 5, 13, 0, 100000, 1, '1399/10/01', 'اسنپ از خونه تا شرکت', '1400/10/24 18:05:00'),
(62, 1, 0, 0, 0, 2, 3, 5720000, 1, '1399/10/01', '', '1400/10/24 18:05:00'),
(63, 1, 1, 1, 1, 2, 0, 48000, 1, '1399/10/01', 'گوجه', '1400/10/24 18:05:00'),
(64, 1, 1, 1, 1, 2, 0, 440000, 1, '1399/10/01', 'سوسیس', '1400/10/24 18:05:00'),
(65, 1, 0, 0, 0, 7, 7, 5000000, 1, '1399/10/02', '', '1400/10/24 18:05:00'),
(66, 1, 1, 1, 1, 2, 0, 615000, 1, '1399/10/03', 'غذا - کباب', '1400/10/24 18:05:00'),
(67, 1, 1, 2, 5, 14, 0, 100000, 1, '1399/10/04', '', '1400/10/24 18:05:00'),
(68, 1, 1, 2, 5, 12, 0, 2032500, 1, '1399/10/04', 'فلش', '1400/10/24 18:05:00'),
(69, 1, 1, 2, 5, 14, 0, 100000, 1, '1399/10/05', '', '1400/10/24 18:05:00'),
(70, 1, 1, 2, 5, 13, 0, 255000, 1, '1399/10/05', 'اسنپ از حسینیه تا خونه خودمون و خونه صالح', '1400/10/24 18:05:00'),
(71, 1, 1, 2, 5, 12, 0, 66000, 1, '1399/10/05', 'فیلم قورباغه', '1400/10/24 18:05:00'),
(72, 1, 1, 1, 1, 2, 0, 40000, 1, '1399/10/07', 'نان', '1400/10/24 18:05:00'),
(73, 1, 1, 1, 1, 2, 0, 39000, 1, '1399/10/07', 'گوجه', '1400/10/24 18:05:00'),
(74, 1, 1, 1, 1, 2, 0, 620000, 1, '1399/10/07', 'غذا - کباب', '1400/10/24 18:05:00'),
(75, 1, 1, 1, 1, 2, 0, 53000, 1, '1399/10/08', 'نان', '1400/10/24 18:05:00'),
(76, 1, 1, 1, 1, 2, 0, 298100, 1, '1399/10/09', 'ماست و نوشابه و دوغ', '1400/10/24 18:05:00'),
(77, 1, 1, 1, 1, 3, 0, 20000, 1, '1399/10/10', 'عکس برای پلیس +10', '1400/10/24 18:05:00'),
(78, 1, 1, 1, 1, 3, 0, 94000, 1, '1399/10/10', 'معافیت تحصیلی', '1400/10/24 18:05:00'),
(79, 1, 1, 1, 1, 3, 0, 88500, 1, '1399/10/10', 'فتوکپی', '1400/10/24 18:05:00'),
(80, 1, 1, 1, 1, 3, 0, 600000, 1, '1399/10/10', 'جوراب و گوش گیر', '1400/10/24 18:05:00'),
(81, 1, 1, 1, 1, 2, 0, 76000, 1, '1399/10/10', 'نون ساندیویچی', '1400/10/24 18:05:00'),
(82, 1, 0, 0, 0, 1, 7, 140000, 1, '1399/10/11', 'دنگ خوراکی', '1400/10/24 18:05:00'),
(83, 1, 1, 2, 3, 26, 13, 956000, 1, '1399/10/11', 'سهمم از کادوی تولد معین مویزی (عینک)', '1400/10/24 18:05:00'),
(84, 1, 1, 2, 5, 13, 0, 45000, 1, '1399/10/13', 'اسنپ از خونه تا شرکت', '1400/10/24 18:05:00'),
(85, 1, 1, 1, 1, 3, 0, 289000, 1, '1399/10/13', 'پول آب کله', '1400/10/24 18:05:00'),
(86, 1, 1, 2, 5, 13, 0, 65000, 1, '1399/10/11', 'اسنپ از خونه تا شرکت', '1400/10/24 18:05:00'),
(87, 1, 1, 2, 5, 14, 0, 100000, 1, '1399/10/14', '', '1400/10/24 18:05:00'),
(88, 1, 1, 2, 5, 12, 0, 66000, 1, '1399/10/14', 'فیلم قورباغه', '1400/10/24 18:05:00'),
(89, 1, 1, 1, 1, 2, 0, 78210, 1, '1399/10/14', 'نوشابه', '1400/10/24 18:05:00'),
(90, 1, 1, 1, 1, 2, 0, 503000, 1, '1399/10/16', 'غذا - کباب', '1400/10/24 18:05:00'),
(91, 1, 1, 1, 1, 2, 0, 228000, 1, '1399/10/16', 'دوغ', '1400/10/24 18:05:00'),
(92, 1, 1, 2, 5, 13, 0, 80000, 1, '1399/10/20', 'اسنپ از خونه تا شرکت', '1400/10/24 18:05:00'),
(93, 1, 0, 0, 0, 9, 9, 1846, 1, '1399/10/21', '', '1400/10/24 18:05:00'),
(94, 1, 1, 2, 5, 13, 0, 60000, 1, '1399/10/22', 'اسنپ از خونه تا شرکت', '1400/10/24 18:05:00'),
(95, 1, 1, 1, 1, 3, 0, 250000, 1, '1399/10/22', 'سلمونی', '1400/10/24 18:05:00'),
(96, 1, 1, 2, 5, 12, 0, 66000, 1, '1399/10/18', 'فیلم قورباغه', '1400/10/24 18:05:00'),
(97, 1, 1, 2, 5, 13, 0, 40000, 1, '1399/10/23', 'اسنپ از خونه تا شرکت', '1400/10/24 18:05:00'),
(98, 1, 0, 0, 0, 1, 7, 103000, 1, '1399/10/23', 'پول آب کله', '1400/10/24 18:05:00'),
(99, 1, 0, 0, 0, 7, 7, 13610000, 1, '1399/10/23', '2 ماه', '1400/10/24 18:05:00'),
(100, 1, 1, 2, 5, 19, 0, 8480000, 1, '1399/10/23', 'شهریه متغیر', '1400/10/24 18:05:00'),
(101, 1, 1, 1, 1, 2, 0, 53000, 1, '1399/10/24', 'نان', '1400/10/24 18:05:00'),
(102, 1, 1, 1, 1, 2, 0, 114000, 1, '1399/10/24', 'دوغ', '1400/10/24 18:05:00'),
(103, 1, 1, 2, 5, 14, 0, 100000, 1, '1399/10/24', '', '1400/10/24 18:05:00'),
(104, 1, 1, 2, 5, 13, 0, 75000, 1, '1399/10/24', 'اسنپ از حسینیه تا خونه', '1400/10/24 18:05:00'),
(105, 1, 1, 2, 5, 12, 0, 202000, 1, '1399/10/25', 'مجموعه تعصب از موئر', '1400/10/24 18:05:00'),
(106, 1, 1, 2, 3, 1, 14, 506000, 1, '1399/10/26', 'برای هیئت', '1400/10/24 18:05:00'),
(107, 1, 1, 2, 5, 12, 0, 66000, 1, '1399/10/26', 'فیلم قورباغه', '1400/10/24 18:05:00'),
(108, 1, 1, 1, 1, 2, 0, 169850, 1, '1399/10/27', 'نوشابه و ماست', '1400/10/24 18:05:00'),
(109, 1, 1, 1, 1, 2, 0, 1025000, 1, '1399/10/28', 'غذا', '1400/10/24 18:05:00'),
(110, 1, 1, 2, 5, 14, 0, 100000, 1, '1399/10/28', '', '1400/10/24 18:05:00'),
(111, 1, 1, 1, 1, 2, 0, 114000, 1, '1399/10/30', 'دوغ', '1400/10/24 18:05:00'),
(112, 1, 1, 2, 4, 1, 3, 1000000, 1, '1399/10/30', 'ذخیره', '1400/10/24 18:05:00'),
(113, 1, 1, 1, 1, 2, 0, 100000, 1, '1399/10/30', 'نوشابه', '1400/10/24 18:05:00'),
(114, 1, 1, 1, 1, 2, 0, 793000, 1, '1399/11/01', 'غذا - کباب', '1400/10/24 18:05:00'),
(115, 1, 1, 1, 1, 3, 0, 40000, 1, '1399/11/01', 'آب میوه', '1400/10/24 18:05:00'),
(116, 1, 1, 1, 1, 2, 0, 195000, 1, '1399/11/01', 'کاهو - کلم - گوجه', '1400/10/24 18:05:00'),
(117, 1, 1, 1, 1, 2, 0, 180000, 1, '1399/11/01', 'نان ساندویچی - سس', '1400/10/24 18:05:00'),
(118, 1, 1, 1, 1, 2, 0, 200000, 1, '1399/11/02', 'پیتزا', '1400/10/24 18:05:00'),
(119, 1, 1, 2, 5, 13, 0, 70000, 1, '1399/11/02', 'اسنپ از خونه تا شرکت', '1400/10/24 18:05:00'),
(120, 1, 1, 2, 5, 14, 0, 100000, 1, '1399/11/02', '', '1400/10/24 18:05:00'),
(121, 1, 1, 1, 1, 2, 0, 463050, 1, '1399/11/03', 'ماست - نوشابه - سس', '1400/10/24 18:05:00'),
(122, 1, 0, 0, 0, 2, 3, 4860000, 1, '1399/11/04', '', '1400/10/24 18:05:00'),
(123, 1, 1, 2, 3, 3, 11, 906000, 1, '1399/11/04', 'پول سالن خودم', '1400/10/24 18:05:00'),
(124, 1, 1, 2, 5, 19, 0, 1780000, 1, '1399/11/04', 'پول بیمه', '1400/10/24 18:05:00'),
(125, 1, 1, 2, 3, 4, 11, 306000, 1, '1399/11/04', 'پول سالن مهدی', '1400/10/24 18:05:00'),
(126, 1, 1, 2, 5, 12, 0, 66000, 1, '1399/11/05', 'فیلم قورباغه', '1400/10/24 18:05:00'),
(127, 1, 1, 1, 1, 2, 0, 276600, 1, '1399/11/06', 'نوشابه و دوغ و سس', '1400/10/24 18:05:00'),
(128, 1, 1, 1, 1, 2, 0, 390000, 1, '1399/11/06', 'تخم مرغ', '1400/10/24 18:05:00'),
(129, 1, 1, 2, 5, 14, 0, 100000, 1, '1399/11/09', '', '1400/10/24 18:05:00'),
(130, 1, 1, 2, 5, 12, 0, 66000, 1, '1399/11/09', 'فیلم قورباغه', '1400/10/24 18:05:00'),
(131, 1, 1, 1, 1, 2, 0, 693000, 1, '1399/11/11', 'غذا - کباب', '1400/10/24 18:05:00'),
(132, 1, 1, 1, 1, 2, 0, 100000, 1, '1399/11/15', 'نان', '1400/10/24 18:05:00'),
(133, 1, 1, 1, 1, 2, 0, 80000, 1, '1399/11/15', 'نوشابه', '1400/10/24 18:05:00'),
(134, 1, 1, 1, 1, 2, 0, 100000, 1, '1399/11/15', 'کاغذ کادو', '1400/10/24 18:05:00'),
(135, 1, 1, 1, 1, 2, 0, 356810, 1, '1399/11/17', 'نوشابه و دوغ و ماست', '1400/10/24 18:05:00'),
(136, 1, 1, 2, 5, 14, 0, 100000, 1, '1399/11/18', '', '1400/10/24 18:05:00'),
(137, 1, 1, 1, 1, 3, 0, 66000, 1, '1399/11/18', 'فیلم قورباغه', '1400/10/24 18:05:00'),
(138, 1, 1, 1, 1, 3, 0, 60000, 1, '1399/11/19', 'بیسکوییت شرکت', '1400/10/24 18:05:00'),
(139, 1, 1, 2, 3, 22, 2, 53250, 1, '1399/11/20', 'پول جواب امتحان ریاضی1', '1400/10/24 18:05:00'),
(140, 1, 1, 1, 1, 2, 0, 684000, 1, '1399/11/20', 'ساندویچ', '1400/10/24 18:05:00'),
(141, 1, 0, 0, 0, 9, 9, 7534, 1, '1399/11/21', '', '1400/10/24 18:05:00'),
(142, 1, 1, 1, 1, 2, 0, 357300, 1, '1399/11/22', 'خرما', '1400/10/24 18:05:00'),
(143, 1, 1, 1, 1, 2, 0, 120000, 1, '1399/11/22', 'دوغ', '1400/10/24 18:05:00'),
(144, 1, 1, 1, 1, 3, 0, 250000, 1, '1399/11/22', 'سلمونی', '1400/10/24 18:05:00'),
(145, 1, 1, 2, 5, 14, 0, 50000, 1, '1399/11/23', '', '1400/10/24 18:05:00'),
(146, 1, 0, 0, 0, 20, 3, 22000000, 1, '1399/11/24', '', '1400/10/24 18:05:00'),
(147, 1, 1, 2, 5, 19, 0, 18900000, 1, '1399/11/24', 'شهریه ثابت + 35% ترم 2', '1400/10/24 18:05:00'),
(148, 1, 1, 1, 1, 2, 0, 100000, 1, '1399/11/24', 'نان', '1400/10/24 18:05:00'),
(149, 1, 1, 1, 1, 2, 0, 110000, 1, '1399/11/25', 'نان ساندویچی و نوشابه', '1400/10/24 18:05:00'),
(150, 1, 1, 2, 3, 22, 2, 106000, 1, '1399/11/25', 'پول امتحان آمار', '1400/10/24 18:05:00'),
(151, 1, 1, 2, 5, 14, 0, 100000, 1, '1399/11/26', '', '1400/10/24 18:05:00'),
(152, 1, 1, 1, 1, 2, 0, 853000, 1, '1399/11/28', 'غذا - کباب', '1400/10/24 18:05:00'),
(153, 1, 1, 2, 3, 22, 2, 256000, 1, '1399/11/29', 'پول امتحان فیزیک', '1400/10/24 18:05:00'),
(154, 1, 0, 0, 0, 22, 2, 250000, 1, '1399/11/30', 'پول امتحان فیزیک مهسا دستیار', '1400/10/24 18:05:00'),
(155, 1, 1, 2, 3, 22, 2, 256000, 1, '1399/11/30', 'پول امتحان فیزیک', '1400/10/24 18:05:00'),
(156, 1, 1, 2, 5, 12, 0, 66000, 1, '1399/11/30', 'فیلم قورباغه', '1400/10/24 18:05:00'),
(157, 1, 1, 2, 5, 14, 0, 100000, 1, '1399/11/30', '', '1400/10/24 18:05:00'),
(158, 1, 1, 1, 1, 4, 0, 148000, 1, '1399/11/30', 'سفره برای هیئت', '1400/10/24 18:05:00'),
(159, 1, 1, 2, 5, 13, 0, 110000, 1, '1399/11/30', 'اسنپ از حسینیه تا خونه', '1400/10/24 18:05:00'),
(160, 1, 1, 1, 1, 2, 0, 25000, 1, '1399/12/01', 'جعفری', '1400/10/24 18:05:00'),
(161, 1, 1, 1, 1, 2, 0, 110000, 1, '1399/12/01', 'ماست', '1400/10/24 18:05:00'),
(162, 1, 0, 0, 0, 2, 3, 5370000, 1, '1399/12/02', '', '1400/10/24 18:05:00'),
(163, 1, 1, 2, 5, 12, 0, 66000, 1, '1399/12/02', 'فیلم قورباغه', '1400/10/24 18:05:00'),
(164, 1, 1, 1, 1, 2, 0, 599700, 1, '1399/12/02', 'خوراکی', '1400/10/24 18:05:00'),
(165, 1, 1, 2, 3, 3, 17, 196000, 1, '1399/12/03', 'دنگ پول بعلبک', '1400/10/24 18:05:00'),
(166, 1, 1, 1, 1, 3, 0, 440000, 1, '1399/12/04', 'پول آب کله', '1400/10/24 18:05:00'),
(167, 1, 1, 1, 1, 2, 0, 80000, 1, '1399/12/04', 'نوشابه', '1400/10/24 18:05:00'),
(168, 1, 0, 0, 0, 21, 16, 145000, 1, '1399/12/04', 'پول آب کله', '1400/10/24 18:05:00'),
(169, 1, 1, 1, 1, 2, 0, 129010, 1, '1399/12/04', 'ماست', '1400/10/24 18:05:00'),
(170, 1, 1, 1, 1, 2, 0, 50000, 1, '1399/12/04', 'نان', '1400/10/24 18:05:00'),
(171, 1, 1, 1, 1, 2, 0, 200000, 1, '1399/12/05', 'ساندویچ', '1400/10/24 18:05:00'),
(172, 1, 0, 0, 0, 1, 3, 1000000, 1, '1399/12/05', 'برا هیئت', '1400/10/24 18:05:00'),
(173, 1, 0, 0, 0, 1, 18, 1000000, 1, '1399/12/05', 'برا هیئت', '1400/10/24 18:05:00'),
(174, 1, 1, 2, 5, 14, 0, 100000, 1, '1399/12/06', '', '1400/10/24 18:05:00'),
(175, 1, 1, 2, 3, 1, 14, 1000250, 1, '1399/12/06', 'برا هیئت', '1400/10/24 18:05:00'),
(176, 1, 1, 2, 5, 13, 0, 30000, 1, '1399/12/04', 'اسنپ از خونه تا شرکت', '1400/10/24 18:05:00'),
(177, 1, 1, 1, 1, 2, 0, 100000, 1, '1399/12/07', 'نان', '1400/10/24 18:05:00'),
(178, 1, 1, 2, 5, 11, 0, 54500, 1, '1399/12/08', '', '1400/10/24 18:05:00'),
(179, 1, 1, 1, 1, 2, 0, 100000, 1, '1399/12/10', 'نان', '1400/10/24 18:05:00'),
(180, 1, 1, 1, 1, 3, 0, 310000, 1, '1399/12/10', 'کافی شاپ', '1400/10/24 18:05:00'),
(181, 1, 1, 2, 5, 13, 0, 55000, 1, '1399/12/11', 'اسنپ از خونه تا شرکت', '1400/10/24 18:05:00'),
(182, 1, 1, 1, 1, 2, 0, 657000, 1, '1399/12/12', 'ماست - نوشابه - شامپو', '1400/10/24 18:05:00'),
(183, 1, 1, 2, 5, 12, 0, 71940, 1, '1399/12/12', 'فیلم قورباغه', '1400/10/24 18:05:00'),
(184, 1, 1, 2, 5, 14, 0, 100000, 1, '1399/12/14', '', '1400/10/24 18:05:00'),
(185, 1, 1, 2, 5, 13, 0, 110000, 1, '1399/12/14', 'اسنپ از حسینیه تا خونه', '1400/10/24 18:05:00'),
(186, 1, 1, 1, 1, 2, 0, 281010, 1, '1399/12/15', 'ماست', '1400/10/24 18:05:00'),
(187, 1, 1, 2, 3, 3, 11, 456000, 1, '1399/12/15', 'پول سالن خودم', '1400/10/24 18:05:00'),
(188, 1, 1, 2, 5, 12, 0, 71940, 1, '1399/12/15', 'فیلم قورباغه', '1400/10/24 18:05:00'),
(189, 1, 1, 1, 1, 2, 0, 740000, 1, '1399/12/16', 'ساندویچ', '1400/10/24 18:05:00'),
(190, 1, 1, 1, 1, 2, 0, 100000, 1, '1399/12/19', 'نان', '1400/10/24 18:05:00'),
(191, 1, 1, 2, 3, 1, 18, 10250, 1, '1399/12/20', 'برای تست', '1400/10/24 18:05:00'),
(192, 1, 1, 1, 1, 3, 0, 135000, 1, '1399/12/21', 'خوراکی شب جمعه', '1400/10/24 18:05:00'),
(193, 1, 1, 2, 5, 13, 0, 125000, 1, '1399/12/21', 'اسنپ از حسینیه تا خونه', '1400/10/24 18:05:00'),
(194, 1, 0, 0, 0, 9, 9, 1225, 1, '1399/12/21', '', '1400/10/24 18:05:00'),
(195, 1, 1, 1, 1, 2, 0, 468600, 1, '1399/12/22', 'خرما و نوشابه', '1400/10/24 18:05:00'),
(196, 1, 1, 1, 1, 2, 0, 286790, 1, '1399/12/23', 'ماست و دوغ', '1400/10/24 18:05:00'),
(197, 1, 1, 1, 1, 2, 0, 287000, 1, '1399/12/23', 'سوسیس', '1400/10/24 18:05:00'),
(198, 1, 1, 2, 5, 13, 0, 50000, 1, '1399/12/25', 'اسنپ از خونه تا شرکت', '1400/10/24 18:05:00'),
(199, 1, 1, 1, 2, 3, 0, 200000, 1, '1399/12/25', '', '1400/10/24 18:05:00'),
(200, 1, 1, 1, 1, 2, 0, 362000, 1, '1399/12/25', 'ساندویچ', '1400/10/24 18:05:00'),
(201, 1, 1, 1, 1, 2, 0, 50000, 1, '1399/12/25', 'نان', '1400/10/24 18:05:00'),
(202, 1, 1, 2, 5, 14, 0, 100000, 1, '1399/12/26', '', '1400/10/24 18:05:00'),
(203, 1, 1, 1, 1, 3, 0, 250000, 1, '1399/12/26', 'سلمونی', '1400/10/24 18:05:00'),
(204, 1, 0, 0, 0, 1, 9, 762444, 1, '1399/12/29', 'سود سهام عدالت', '1400/10/24 18:05:00'),
(205, 1, 0, 0, 0, 2, 3, 4570000, 1, '1399/12/29', '', '1400/10/24 18:05:00'),
(206, 1, 1, 1, 1, 2, 0, 211300, 1, '1399/12/29', 'نوشابه و دوغ', '1400/10/24 18:05:00'),
(207, 1, 1, 1, 1, 2, 0, 103000, 1, '1399/12/29', 'نان', '1400/10/24 18:05:00'),
(208, 1, 1, 1, 1, 2, 0, 129010, 1, '1399/12/29', 'ماست', '1400/10/24 18:05:00'),
(209, 1, 0, 0, 0, 7, 7, 7000000, 1, '1399/12/29', '', '1400/10/24 18:05:00'),
(210, 1, 1, 1, 1, 2, 0, 364000, 1, '1400/01/01', 'نوشابه و پنیر', '1400/10/24 18:05:00'),
(211, 1, 1, 2, 5, 12, 0, 107000, 1, '1400/01/02', 'بتل پوتک و خشی', '1400/10/24 18:05:00'),
(212, 1, 1, 2, 5, 12, 0, 71940, 1, '1400/01/02', 'فیلم قورباغه', '1400/10/24 18:05:00'),
(213, 1, 1, 2, 5, 12, 0, 71940, 1, '1400/01/02', 'فیلم قورباغه', '1400/10/24 18:05:00'),
(214, 1, 1, 2, 5, 12, 0, 71940, 1, '1400/01/02', 'فیلم قورباغه', '1400/10/24 18:05:00'),
(215, 1, 1, 1, 1, 2, 0, 100000, 1, '1400/01/02', 'کره', '1400/10/24 18:05:00'),
(216, 1, 1, 1, 1, 2, 0, 50000, 1, '1400/01/02', 'نان', '1400/10/24 18:05:00'),
(217, 1, 1, 1, 1, 2, 0, 100000, 1, '1400/01/03', 'نان', '1400/10/24 18:05:00'),
(218, 1, 1, 1, 1, 3, 0, 680000, 1, '1400/01/03', 'پاستور', '1400/10/24 18:05:00'),
(219, 1, 1, 1, 1, 3, 0, 80000, 1, '1400/01/03', 'گل سر برا لیانا', '1400/10/24 18:05:00'),
(220, 1, 1, 1, 1, 3, 0, 770000, 1, '1400/01/03', 'عروسک برا لیانا', '1400/10/24 18:05:00'),
(221, 1, 1, 1, 1, 3, 0, 150000, 1, '1400/01/03', 'کش مو برا لیانا', '1400/10/24 18:05:00'),
(222, 1, 1, 1, 1, 2, 0, 228300, 1, '1400/01/03', 'خوراکی', '1400/10/24 18:05:00'),
(223, 1, 1, 1, 1, 2, 0, 3160000, 1, '1400/01/03', 'پیتزا', '1400/10/24 18:05:00'),
(224, 1, 1, 1, 1, 2, 0, 99000, 1, '1400/01/04', 'گوجه', '1400/10/24 18:05:00'),
(225, 1, 1, 1, 1, 2, 0, 494000, 1, '1400/01/04', 'نان تست - پنیر پیتزا', '1400/10/24 18:05:00'),
(226, 1, 1, 2, 5, 14, 0, 100000, 1, '1400/01/05', '', '1400/10/24 18:05:00'),
(227, 1, 0, 0, 0, 5, 3, 4500000, 1, '1400/01/05', 'برا قم', '1400/10/24 18:05:00'),
(228, 1, 1, 2, 3, 3, 12, 4506000, 1, '1400/01/05', 'پول قم', '1400/10/24 18:05:00'),
(229, 1, 1, 1, 1, 2, 0, 40000, 1, '1400/01/05', 'چسب زخم', '1400/10/24 18:05:00'),
(230, 1, 1, 2, 5, 13, 0, 24685, 1, '1400/01/05', 'اسنپ از خونه تا حسینیه', '1400/10/24 18:05:00'),
(231, 1, 1, 2, 4, 3, 4, 250000, 1, '1400/01/07', 'پول سوهان برا شرکت', '1400/10/24 18:05:00'),
(232, 1, 1, 1, 1, 3, 0, 450000, 1, '1400/01/08', 'صبحانه با بچه ها تو راه برگشت از قم (املت)', '1400/10/24 18:05:00'),
(233, 1, 1, 1, 1, 2, 0, 53000, 1, '1400/01/09', 'نان', '1400/10/24 18:05:00'),
(234, 1, 1, 2, 5, 12, 0, 71940, 1, '1400/01/10', 'فیلم قورباغه', '1400/10/24 18:05:00'),
(235, 1, 1, 1, 1, 2, 0, 230000, 1, '1400/01/10', 'سوسیس', '1400/10/24 18:05:00'),
(236, 1, 1, 1, 1, 2, 0, 87200, 1, '1400/01/10', 'نوشابه', '1400/10/24 18:05:00'),
(237, 1, 1, 1, 1, 2, 0, 272000, 1, '1400/01/11', 'ساندویچ', '1400/10/24 18:05:00'),
(238, 1, 1, 1, 1, 2, 0, 100000, 1, '1400/01/11', 'نان', '1400/10/24 18:05:00'),
(239, 1, 0, 0, 0, 1, 18, 1500000, 1, '1400/01/11', 'برا هیئت', '1400/10/24 18:05:00'),
(240, 1, 1, 2, 3, 1, 14, 1506000, 1, '1400/01/11', 'برا هیئت', '1400/10/24 18:05:00'),
(241, 1, 1, 1, 1, 2, 0, 132000, 1, '1400/01/12', 'ساندویچ', '1400/10/24 18:05:00'),
(242, 1, 1, 1, 1, 2, 0, 287780, 1, '1400/01/14', 'نوشابه و دوغ و دلستر', '1400/10/24 18:05:00'),
(243, 1, 1, 1, 1, 2, 0, 100000, 1, '1400/01/15', 'نان', '1400/10/24 18:05:00'),
(244, 1, 1, 2, 3, 22, 2, 66000, 1, '1400/01/16', 'برای جوابای امتحان میانترم ریاضی 2', '1400/10/24 18:05:00'),
(245, 1, 1, 2, 5, 13, 0, 50000, 1, '1400/01/18', 'اسنپ از خونه تا شرکت', '1400/10/24 18:05:00'),
(246, 1, 1, 2, 5, 14, 0, 100000, 1, '1400/01/19', '', '1400/10/24 18:05:00'),
(247, 1, 1, 1, 1, 2, 0, 168500, 1, '1400/01/19', 'ماست و نوشابه', '1400/10/24 18:05:00'),
(248, 1, 1, 1, 1, 3, 0, 350000, 1, '1400/01/19', 'خوراکی', '1400/10/24 18:05:00'),
(249, 1, 1, 2, 5, 13, 0, 125000, 1, '1400/01/19', 'اسنپ از حسینیه تا خونه', '1400/10/24 18:05:00'),
(250, 1, 0, 0, 0, 1, 2, 1100000, 1, '1400/01/21', 'اشتباهی واریز شده', '1400/10/24 18:05:00'),
(251, 1, 1, 2, 3, 1, 2, 1106000, 1, '1400/01/21', 'برگشت پول اشتباهی', '1400/10/24 18:05:00'),
(252, 1, 1, 1, 1, 2, 0, 567000, 1, '1400/01/21', 'سوسیس و نوشابه و تخم مرغ', '1400/10/24 18:05:00'),
(253, 1, 0, 0, 0, 9, 9, 2075, 1, '1400/01/21', '', '1400/10/24 18:05:00'),
(254, 1, 1, 1, 1, 2, 0, 100000, 1, '1400/01/22', 'نان', '1400/10/24 18:05:00'),
(255, 1, 1, 1, 1, 3, 0, 250000, 1, '1400/01/24', 'سلمونی', '1400/10/24 18:05:00'),
(256, 1, 1, 2, 5, 14, 0, 100000, 1, '1400/01/25', '', '1400/10/24 18:05:00'),
(257, 1, 1, 1, 1, 2, 0, 342280, 1, '1400/01/25', 'ماست و نوشابه و دلستر', '1400/10/24 18:05:00'),
(258, 1, 1, 1, 1, 2, 0, 55000, 1, '1400/01/25', 'گوجه', '1400/10/24 18:05:00'),
(259, 1, 1, 1, 1, 2, 0, 421000, 1, '1400/01/27', 'نان تست - سس', '1400/10/24 18:05:00'),
(260, 1, 0, 0, 0, 1, 2, 10740000, 1, '1400/01/30', 'پول بابا', '1400/10/24 18:05:00'),
(261, 1, 0, 0, 0, 1, 2, 3490000, 1, '1400/01/31', 'پول بابا', '1400/10/24 18:05:00'),
(262, 1, 0, 0, 0, 1, 2, 5460000, 1, '1400/01/31', 'پول بابا', '1400/10/24 18:05:00'),
(263, 1, 0, 0, 0, 1, 2, 17140000, 1, '1400/01/31', 'پول بابا', '1400/10/24 18:05:00'),
(264, 1, 1, 1, 1, 2, 0, 193100, 1, '1400/01/31', 'ماست و نوشابه', '1400/10/24 18:05:00'),
(265, 1, 0, 0, 0, 22, 2, 110000, 1, '1400/01/31', 'پول تمرین های دیفرانسیل', '1400/10/24 18:05:00'),
(266, 1, 0, 0, 0, 1, 2, 6630000, 1, '1400/02/01', 'پول بابا', '1400/10/24 18:05:00'),
(267, 1, 0, 0, 0, 1, 2, 4110000, 1, '1400/02/01', 'پول بابا', '1400/10/24 18:05:00'),
(268, 1, 0, 0, 0, 22, 2, 110000, 1, '1400/02/01', 'پول تمرین های دیفرانسیل', '1400/10/24 18:05:00'),
(269, 1, 0, 0, 0, 22, 2, 220000, 1, '1400/02/01', 'پول تمرین های دیفرانسیل ( دونفر )', '1400/10/24 18:05:00'),
(270, 1, 0, 0, 0, 22, 2, 110000, 1, '1400/02/01', 'پول تمرین های دیفرانسیل', '1400/10/24 18:05:00'),
(271, 1, 0, 0, 0, 22, 2, 110000, 1, '1400/02/01', 'پول تمرین های دیفرانسیل', '1400/10/24 18:05:00'),
(272, 1, 0, 0, 0, 22, 2, 110000, 1, '1400/02/01', 'پول تمرین های دیفرانسیل', '1400/10/24 18:05:00'),
(273, 1, 0, 0, 0, 22, 2, 100000, 1, '1400/02/01', 'پول تمرین های دیفرانسیل', '1400/10/24 18:05:00'),
(274, 1, 0, 0, 0, 22, 2, 110000, 1, '1400/02/01', 'پول تمرین های دیفرانسیل', '1400/10/24 18:05:00'),
(275, 1, 0, 0, 0, 22, 2, 100000, 1, '1400/02/01', 'پول تمرین های دیفرانسیل', '1400/10/24 18:05:00'),
(276, 1, 0, 0, 0, 1, 2, 7090000, 1, '1400/01/31', '', '1400/10/24 18:05:00'),
(277, 1, 0, 0, 0, 2, 3, 6530000, 1, '1400/02/01', 'منهای 200 تومن ( 100 برا قسط قرض قم - 100 برا ذخیره )', '1400/10/24 18:05:00'),
(278, 1, 1, 2, 5, 14, 0, 100000, 1, '1400/02/02', '', '1400/10/24 18:05:00'),
(279, 1, 1, 2, 3, 22, 2, 506000, 1, '1400/02/02', 'برای تمرین های دیفرانسیل', '1400/10/24 18:05:00'),
(280, 1, 1, 2, 4, 1, 3, 54660000, 1, '1400/02/02', 'پول بابا', '1400/10/24 18:05:00'),
(281, 1, 1, 2, 3, 22, 2, 506000, 1, '1400/02/02', 'برای تمرین های دیفرانسیل', '1400/10/24 18:05:00'),
(282, 1, 1, 1, 1, 2, 0, 300000, 1, '1400/02/02', 'ساندویچ', '1400/10/24 18:05:00'),
(283, 1, 1, 2, 5, 11, 0, 50000, 1, '1400/02/04', '', '1400/10/24 18:05:00'),
(284, 1, 1, 1, 1, 2, 0, 204000, 1, '1400/02/04', 'سوسیس', '1400/10/24 18:05:00'),
(285, 1, 1, 1, 1, 4, 0, 207000, 1, '1400/02/07', 'سیب زمینی برا بچه های هیئت', '1400/10/24 18:05:00'),
(286, 1, 1, 1, 1, 4, 0, 1100000, 1, '1400/02/07', 'ماکارونی برا بچه های هیئت', '1400/10/24 18:05:00'),
(287, 1, 1, 1, 1, 2, 0, 750000, 1, '1400/02/08', 'بارفیکس', '1400/10/24 18:05:00'),
(288, 1, 1, 1, 1, 3, 0, 200000, 1, '1400/02/08', 'باتری ساعت مچی', '1400/10/24 18:05:00'),
(289, 1, 1, 2, 5, 14, 0, 100000, 1, '1400/02/08', '', '1400/10/24 18:05:00'),
(290, 1, 1, 2, 5, 13, 0, 45000, 1, '1400/02/08', 'اسنپ از حسینیه تا خونه', '1400/10/24 18:05:00'),
(291, 1, 0, 0, 0, 21, 4, 1300000, 1, '1400/02/09', 'پول ماکارونی ها', '1400/10/24 18:05:00'),
(292, 1, 1, 2, 5, 13, 0, 75000, 1, '1400/02/09', 'اسنپ از حسینیه تا خونه', '1400/10/24 18:05:00'),
(293, 1, 1, 1, 1, 2, 0, 53000, 1, '1400/02/10', 'نان', '1400/10/24 18:05:00'),
(294, 1, 0, 0, 0, 1, 2, 102600, 1, '1400/02/11', 'پول بازرگام (مال اقا مصطفی)', '1400/10/24 18:05:00'),
(295, 1, 1, 1, 1, 2, 0, 100000, 1, '1400/02/12', 'نان', '1400/10/24 18:05:00'),
(296, 1, 1, 2, 4, 1, 7, 102600, 1, '1400/02/13', 'پول بازرگام (مال اقا مصطفی)', '1400/10/24 18:05:00'),
(297, 1, 1, 1, 1, 2, 0, 457590, 1, '1400/02/14', 'ماست و نوشابه و دلستر', '1400/10/24 18:05:00'),
(298, 1, 1, 1, 1, 2, 0, 350000, 1, '1400/02/16', 'ساندویچ', '1400/10/24 18:05:00'),
(299, 1, 1, 1, 1, 2, 0, 299900, 1, '1400/02/17', 'ماست و نوشابه', '1400/10/24 18:05:00'),
(300, 1, 1, 2, 5, 14, 0, 100000, 1, '1400/02/20', '', '1400/10/24 18:05:00'),
(301, 1, 1, 1, 1, 3, 0, 250000, 1, '1400/02/21', 'سلمونی', '1400/10/24 18:05:00'),
(302, 1, 1, 1, 1, 2, 0, 526360, 1, '1400/02/21', 'ماست - نوشابه - دلستر - دوغ', '1400/10/24 18:05:00'),
(303, 1, 0, 0, 0, 9, 9, 5388, 1, '1400/02/21', '', '1400/10/24 18:05:00'),
(304, 1, 1, 1, 1, 2, 0, 485000, 1, '1400/02/24', 'خوراکی', '1400/10/24 18:05:00'),
(305, 1, 1, 1, 1, 2, 0, 100000, 1, '1400/02/26', 'نان', '1400/10/24 18:05:00'),
(306, 1, 1, 1, 1, 2, 0, 428110, 1, '1400/02/27', 'ماست و نوشابه و دلستر', '1400/10/24 18:05:00'),
(307, 1, 1, 1, 1, 2, 0, 310000, 1, '1400/02/28', 'ساندویچ', '1400/10/24 18:05:00'),
(308, 1, 1, 2, 5, 1, 0, 60000, 1, '1400/02/28', 'آبونمان ساپتا', '1400/10/24 18:05:00'),
(309, 1, 1, 1, 1, 2, 0, 225000, 1, '1400/02/28', 'خودکار', '1400/10/24 18:05:00'),
(310, 1, 1, 1, 1, 2, 0, 727500, 1, '1400/02/28', 'تن ماهی', '1400/10/24 18:05:00'),
(311, 1, 1, 2, 5, 13, 0, 65000, 1, '1400/02/29', 'اسنپ از خونه تا شرکت', '1400/10/24 18:05:00'),
(312, 1, 0, 0, 0, 22, 2, 140000, 1, '1400/02/29', 'پول تمرین های دیفرانسیل', '1400/10/24 18:05:00'),
(313, 1, 1, 2, 5, 14, 0, 100000, 1, '1400/02/29', 'ناموفق', '1400/10/24 18:05:00'),
(314, 1, 0, 0, 0, 1, 9, 100000, 1, '1400/02/29', 'من کارت', '1400/10/24 18:05:00'),
(315, 1, 1, 2, 5, 14, 0, 100000, 1, '1400/02/29', '', '1400/10/24 18:05:00'),
(316, 1, 0, 0, 0, 22, 2, 140000, 1, '1400/02/29', 'پول تمرین های دیفرانسیل', '1400/10/24 18:05:00'),
(317, 1, 0, 0, 0, 22, 2, 140000, 1, '1400/02/29', 'پول تمرین های دیفرانسیل', '1400/10/24 18:05:00'),
(318, 1, 0, 0, 0, 22, 2, 140000, 1, '1400/02/29', 'پول تمرین های دیفرانسیل', '1400/10/24 18:05:00'),
(319, 1, 0, 0, 0, 22, 2, 140000, 1, '1400/02/29', 'پول تمرین های دیفرانسیل', '1400/10/24 18:05:00'),
(320, 1, 0, 0, 0, 22, 2, 140000, 1, '1400/02/29', 'پول تمرین های دیفرانسیل', '1400/10/24 18:05:00'),
(321, 1, 1, 2, 3, 22, 2, 81000, 1, '1400/02/29', 'پول تمرین های ریاضی 2', '1400/10/24 18:05:00'),
(322, 1, 1, 1, 1, 2, 0, 203700, 1, '1400/02/29', 'کره', '1400/10/24 18:05:00'),
(323, 1, 0, 0, 0, 22, 2, 140000, 1, '1400/02/30', 'پول تمرین های دیفرانسیل', '1400/10/24 18:05:00'),
(324, 1, 0, 0, 0, 22, 2, 140000, 1, '1400/02/30', 'پول تمرین های دیفرانسیل', '1400/10/24 18:05:00'),
(325, 1, 1, 2, 4, 3, 17, 25000, 1, '1400/02/30', 'سهم هندونه', '1400/10/24 18:05:00'),
(326, 1, 1, 2, 4, 3, 16, 135000, 1, '1400/02/30', 'پول آب کله', '1400/10/24 18:05:00'),
(327, 1, 0, 0, 0, 22, 2, 140000, 1, '1400/02/30', 'پول تمرین های دیفرانسیل', '1400/10/24 18:05:00'),
(328, 1, 0, 0, 0, 22, 2, 140000, 1, '1400/02/30', 'پول تمرین های دیفرانسیل', '1400/10/24 18:05:00'),
(329, 1, 1, 2, 3, 22, 2, 1006000, 1, '1400/02/30', 'پول تمرین های دیفرانسیل', '1400/10/24 18:05:00'),
(330, 1, 0, 0, 0, 22, 2, 140000, 1, '1400/02/30', 'پول تمرین های دیفرانسیل', '1400/10/24 18:05:00'),
(331, 1, 1, 1, 1, 2, 0, 318000, 1, '1400/02/31', 'نوشابه و دلستر و روغن', '1400/10/24 18:05:00'),
(332, 1, 1, 1, 1, 2, 0, 80000, 1, '1400/02/31', 'بادمجون', '1400/10/24 18:05:00'),
(333, 1, 0, 0, 0, 2, 3, 6260000, 1, '1400/02/31', '', '1400/10/24 18:05:00'),
(334, 1, 1, 1, 1, 2, 0, 155000, 1, '1400/03/01', 'نان بسته ای و بیسکوییت', '1400/10/24 18:05:00'),
(335, 1, 1, 1, 1, 2, 0, 53000, 1, '1400/03/02', 'نان', '1400/10/24 18:05:00'),
(336, 1, 1, 2, 5, 14, 0, 100000, 1, '1400/03/03', '', '1400/10/24 18:05:00'),
(337, 1, 1, 2, 5, 12, 0, 315000, 1, '1400/03/03', 'پیتزا با رئیس و مهدی', '1400/10/24 18:05:00'),
(338, 1, 1, 2, 5, 12, 0, 133000, 1, '1400/03/03', 'پیتزا با رئیس و مهدی', '1400/10/24 18:05:00'),
(339, 1, 1, 1, 1, 2, 0, 53000, 1, '1400/03/04', 'نان', '1400/10/24 18:05:00'),
(340, 1, 1, 2, 5, 14, 0, 100000, 1, '1400/03/05', '', '1400/10/24 18:05:00'),
(341, 1, 1, 1, 1, 3, 0, 1000000, 1, '1400/03/05', 'عینک', '1400/10/24 18:05:00'),
(342, 1, 1, 1, 1, 2, 0, 239000, 1, '1400/03/07', 'کدو - دلمه', '1400/10/24 18:05:00'),
(343, 1, 1, 1, 1, 2, 0, 401610, 1, '1400/03/07', 'ماست و نوشابه', '1400/10/24 18:05:00'),
(344, 1, 1, 1, 1, 2, 0, 100000, 1, '1400/03/07', 'نان', '1400/10/24 18:05:00'),
(345, 1, 1, 1, 1, 2, 0, 429000, 1, '1400/03/08', 'تخم مرغ و تخمه', '1400/10/24 18:05:00'),
(346, 1, 1, 1, 1, 2, 0, 350000, 1, '1400/03/09', 'ساندویچ', '1400/10/24 18:05:00'),
(347, 1, 1, 1, 1, 2, 0, 660000, 1, '1400/03/10', 'غذا - کباب', '1400/10/24 18:05:00'),
(348, 1, 1, 1, 1, 2, 0, 350510, 1, '1400/03/11', 'ماست و نوشابه و دلستر', '1400/10/24 18:05:00'),
(349, 1, 0, 0, 0, 1, 3, 9000000, 1, '1400/03/11', 'پول عینک', '1400/10/24 18:05:00'),
(350, 1, 1, 1, 1, 3, 0, 7950000, 1, '1400/03/11', 'عینک', '1400/10/24 18:05:00'),
(351, 1, 1, 2, 5, 14, 0, 100000, 1, '1400/03/12', '', '1400/10/24 18:05:00'),
(352, 1, 0, 0, 0, 22, 2, 300000, 1, '1400/03/12', 'تمرین c++', '1400/10/24 18:05:00'),
(353, 1, 1, 1, 1, 2, 0, 53000, 1, '1400/03/12', 'نان', '1400/10/24 18:05:00'),
(354, 1, 0, 0, 0, 22, 2, 800000, 1, '1400/03/12', 'تمرین c++', '1400/10/24 18:05:00'),
(355, 1, 0, 0, 0, 22, 2, 800000, 1, '1400/03/12', 'تمرین c++', '1400/10/24 18:05:00'),
(356, 1, 1, 1, 1, 2, 0, 200000, 1, '1400/03/12', 'سس', '1400/10/24 18:05:00'),
(357, 1, 1, 2, 5, 13, 0, 65000, 1, '1400/03/13', 'اسنپ از خونه تا شرکت', '1400/10/24 18:05:00'),
(358, 1, 1, 2, 5, 12, 0, 225000, 1, '1400/03/13', 'هندونه ازغد', '1400/10/24 18:05:00'),
(359, 1, 1, 2, 5, 12, 0, 90000, 1, '1400/03/13', 'چیپس و پفک ازغد', '1400/10/24 18:05:00'),
(360, 1, 1, 2, 5, 13, 0, 170000, 1, '1400/03/13', 'اسنپ از هاشمیه تا خونه', '1400/10/24 18:05:00'),
(361, 1, 0, 0, 0, 22, 2, 100000, 1, '1400/03/13', 'تمرین c++', '1400/10/24 18:05:00'),
(362, 1, 1, 1, 1, 2, 0, 220000, 1, '1400/03/14', 'گوجه خیار (مهدی بدون فیش گرفته :| )', '1400/10/24 18:05:00'),
(363, 1, 1, 1, 1, 2, 0, 129010, 1, '1400/03/14', 'ماست', '1400/10/24 18:05:00'),
(364, 1, 1, 1, 1, 3, 0, 250000, 1, '1400/03/15', 'سلمونی', '1400/10/24 18:05:00'),
(365, 1, 1, 1, 1, 2, 0, 60000, 1, '1400/03/15', 'نان', '1400/10/24 18:05:00'),
(366, 1, 1, 1, 1, 2, 0, 455000, 1, '1400/03/16', 'ساندویچ', '1400/10/24 18:05:00'),
(367, 1, 1, 1, 1, 2, 0, 642000, 1, '1400/03/16', 'پنیر و شیر', '1400/10/24 18:05:00'),
(368, 1, 1, 2, 3, 22, 22, 31000, 1, '1400/03/18', 'پول امتحان ریاضی 2', '1400/10/24 18:05:00'),
(369, 1, 1, 2, 5, 14, 0, 100000, 1, '1400/03/19', '', '1400/10/24 18:05:00'),
(370, 1, 1, 1, 1, 2, 0, 129010, 1, '1400/03/19', 'ماست', '1400/10/24 18:05:00'),
(371, 1, 1, 1, 1, 2, 0, 350000, 1, '1400/03/21', 'تخم مرغ', '1400/10/24 18:05:00'),
(372, 1, 1, 1, 1, 2, 0, 347760, 1, '1400/03/21', 'ماست و نوشابه و سس', '1400/10/24 18:05:00'),
(373, 1, 0, 0, 0, 9, 9, 2272, 1, '1400/03/21', '', '1400/10/24 18:05:00'),
(374, 1, 1, 1, 1, 2, 0, 475000, 1, '1400/03/22', 'ساندویچ', '1400/10/24 18:05:00'),
(375, 1, 1, 1, 1, 2, 0, 384000, 1, '1400/03/24', 'پیتزا', '1400/10/24 18:05:00'),
(376, 1, 1, 1, 1, 2, 0, 53000, 1, '1400/03/24', 'نان', '1400/10/24 18:05:00'),
(377, 1, 1, 1, 1, 2, 0, 204000, 1, '1400/03/25', 'سیب زمینی - گوجه', '1400/10/24 18:05:00'),
(378, 1, 1, 1, 1, 2, 0, 100000, 1, '1400/03/26', 'نان', '1400/10/24 18:05:00'),
(379, 1, 0, 0, 0, 2, 3, 5850000, 1, '1400/03/30', '', '1400/10/24 18:05:00'),
(380, 1, 1, 2, 3, 22, 2, 250000, 1, '1400/03/30', 'تمرین دیفرانسیل (واریز به صدف مظلوم)', '1400/10/24 18:05:00'),
(381, 1, 1, 1, 1, 2, 0, 100000, 1, '1400/03/30', 'نان', '1400/10/24 18:05:00'),
(382, 1, 1, 1, 1, 2, 0, 1645000, 1, '1400/04/01', 'غذا - چلو مرغ', '1400/10/24 18:05:00'),
(383, 1, 1, 2, 5, 14, 0, 100000, 1, '1400/04/02', '', '1400/10/24 18:05:00'),
(384, 1, 1, 1, 1, 2, 0, 484100, 1, '1400/04/04', 'نوشابه و دوغ و دلستر', '1400/10/24 18:05:00'),
(385, 1, 0, 0, 0, 7, 7, 7000000, 1, '1400/04/07', '', '1400/10/24 18:05:00'),
(386, 1, 0, 0, 0, 22, 2, 250000, 1, '1400/04/08', 'تمرین c++', '1400/10/24 18:05:00'),
(387, 1, 1, 2, 5, 19, 0, 5226000, 1, '1400/04/08', 'ما بقی شهریه متغیر ترم 2', '1400/10/24 18:05:00'),
(388, 1, 1, 1, 1, 2, 0, 100000, 1, '1400/04/08', 'نان', '1400/10/24 18:05:00'),
(389, 1, 0, 0, 0, 22, 2, 800000, 1, '1400/04/08', 'تمرین c', '1400/10/24 18:05:00'),
(390, 1, 0, 0, 0, 22, 2, 300000, 1, '1400/04/08', 'امتحان پایتون', '1400/10/24 18:05:00'),
(391, 1, 1, 1, 1, 2, 0, 1671000, 1, '1400/04/07', 'پیتزا', '1400/10/24 18:05:00'),
(392, 1, 0, 0, 0, 22, 2, 200000, 1, '1400/04/08', 'بیعانه امتحان پایتون', '1400/10/24 18:05:00'),
(393, 1, 1, 2, 5, 13, 0, 100000, 1, '1400/04/09', 'اسنپ از خونه تا شرکت', '1400/10/24 18:05:00'),
(394, 1, 1, 1, 1, 3, 0, 310000, 1, '1400/04/09', 'پول آب کله', '1400/10/24 18:05:00'),
(395, 1, 1, 1, 1, 3, 0, 270000, 1, '1400/04/09', 'پول آب کله', '1400/10/24 18:05:00'),
(396, 1, 0, 0, 0, 1, 2, 120000, 1, '1400/04/09', 'پول آب کله امین', '1400/10/24 18:05:00'),
(397, 1, 1, 2, 5, 11, 0, 21800, 1, '1400/04/09', '', '1400/10/24 18:05:00'),
(398, 1, 1, 2, 3, 22, 2, 206000, 1, '1400/04/09', 'برگشت پول امتحان پایتون', '1400/10/24 18:05:00'),
(399, 1, 1, 1, 1, 2, 0, 308000, 1, '1400/04/10', 'سیب زمینی - گوجه', '1400/10/24 18:05:00'),
(400, 1, 1, 1, 1, 2, 0, 100000, 1, '1400/04/10', 'نوشابه', '1400/10/24 18:05:00'),
(401, 1, 1, 1, 1, 3, 0, 250000, 1, '1400/04/10', 'سلمونی', '1400/10/24 18:05:00'),
(402, 1, 1, 1, 1, 2, 0, 110000, 1, '1400/04/11', 'خیار', '1400/10/24 18:05:00'),
(403, 1, 1, 1, 1, 2, 0, 182500, 1, '1400/04/11', 'سس', '1400/10/24 18:05:00'),
(404, 1, 1, 2, 5, 14, 0, 100000, 1, '1400/04/12', '', '1400/10/24 18:05:00'),
(405, 1, 0, 0, 0, 22, 2, 600000, 1, '1400/04/13', 'امتحان c++', '1400/10/24 18:05:00'),
(406, 1, 1, 1, 1, 2, 0, 219500, 1, '1400/04/13', 'نوشابه و دلستر', '1400/10/24 18:05:00'),
(407, 1, 0, 0, 0, 9, 9, 593251, 1, '1400/04/14', 'سود سهام عدالت', '1400/10/24 18:05:00'),
(408, 1, 0, 0, 0, 22, 2, 1000000, 1, '1400/04/14', 'امتحان c', '1400/10/24 18:05:00'),
(409, 1, 0, 0, 0, 22, 2, 400000, 1, '1400/04/14', 'امتحان c', '1400/10/24 18:05:00'),
(410, 1, 0, 0, 0, 22, 2, 450000, 1, '1400/04/14', 'امتحان c', '1400/10/24 18:05:00'),
(411, 1, 0, 0, 0, 22, 2, 250000, 1, '1400/04/14', 'امتحان c', '1400/10/24 18:05:00'),
(412, 1, 1, 1, 1, 2, 0, 1028400, 1, '1400/04/14', 'تن ماهی', '1400/10/24 18:05:00'),
(413, 1, 1, 1, 1, 2, 0, 50000, 1, '1400/04/14', 'نان', '1400/10/24 18:05:00'),
(414, 1, 1, 1, 1, 2, 0, 589000, 1, '1400/04/14', 'پنیر و شیر و ماست موسیر', '1400/10/24 18:05:00'),
(415, 1, 1, 1, 1, 2, 0, 96000, 1, '1400/04/15', 'ماست', '1400/10/24 18:05:00'),
(416, 1, 1, 1, 1, 2, 0, 280000, 1, '1400/04/15', 'شیر', '1400/10/24 18:05:00'),
(417, 1, 1, 1, 1, 2, 0, 100000, 1, '1400/04/17', 'سیب زمینی', '1400/10/24 18:05:00'),
(418, 1, 1, 1, 1, 2, 0, 53000, 1, '1400/04/17', 'نان', '1400/10/24 18:05:00'),
(419, 1, 1, 2, 3, 3, 4, 926000, 1, '1400/04/17', 'پول سالن خودم', '1400/10/24 18:05:00'),
(420, 1, 1, 2, 5, 13, 0, 105000, 1, '1400/04/17', 'اسنپ از حسینیه تا خونه', '1400/10/24 18:05:00'),
(421, 1, 1, 1, 1, 2, 0, 382750, 1, '1400/04/18', 'دوغ و دلستر', '1400/10/24 18:05:00'),
(422, 1, 0, 0, 0, 22, 2, 90000, 1, '1400/04/19', 'پول امتحان دیفرانسیل', '1400/10/24 18:05:00'),
(423, 1, 0, 0, 0, 22, 2, 90000, 1, '1400/04/19', 'پول امتحان دیفرانسیل', '1400/10/24 18:05:00'),
(424, 1, 0, 0, 0, 22, 2, 90000, 1, '1400/04/19', 'پول امتحان دیفرانسیل', '1400/10/24 18:05:00'),
(425, 1, 0, 0, 0, 22, 2, 90000, 1, '1400/04/19', 'پول امتحان دیفرانسیل', '1400/10/24 18:05:00'),
(426, 1, 0, 0, 0, 22, 2, 90000, 1, '1400/04/19', 'پول امتحان دیفرانسیل', '1400/10/24 18:05:00'),
(427, 1, 1, 1, 1, 2, 0, 125000, 1, '1400/04/19', 'نان تست', '1400/10/24 18:05:00'),
(428, 1, 0, 0, 0, 22, 2, 180000, 1, '1400/04/19', 'پول امتحان دیفرانسیل', '1400/10/24 18:05:00'),
(429, 1, 0, 0, 0, 22, 2, 90000, 1, '1400/04/19', 'پول امتحان دیفرانسیل', '1400/10/24 18:05:00'),
(430, 1, 0, 0, 0, 22, 2, 90000, 1, '1400/04/19', 'پول امتحان دیفرانسیل', '1400/10/24 18:05:00'),
(431, 1, 1, 1, 1, 2, 0, 100000, 1, '1400/04/19', 'نان', '1400/10/24 18:05:00'),
(432, 1, 0, 0, 0, 22, 2, 90000, 1, '1400/04/19', 'پول امتحان دیفرانسیل', '1400/10/24 18:05:00'),
(433, 1, 1, 1, 1, 2, 0, 1390000, 1, '1400/04/20', 'غذا - کباب', '1400/10/24 18:05:00'),
(434, 1, 0, 0, 0, 22, 2, 600000, 1, '1400/04/20', 'امتحان c++', '1400/10/24 18:05:00'),
(435, 1, 1, 1, 1, 2, 0, 794000, 1, '1400/04/20', 'ساندویچ', '1400/10/24 18:05:00'),
(436, 1, 1, 2, 3, 22, 2, 1006000, 1, '1400/04/21', 'امتحان دیفرانسیل', '1400/10/24 18:05:00'),
(437, 1, 0, 0, 0, 9, 9, 2615, 1, '1400/04/21', '', '1400/10/24 18:05:00'),
(438, 1, 1, 2, 5, 14, 0, 100000, 1, '1400/04/24', '', '1400/10/24 18:05:00'),
(439, 1, 1, 1, 1, 2, 0, 90000, 1, '1400/04/26', 'نان', '1400/10/24 18:05:00'),
(440, 1, 0, 0, 0, 21, 7, 363000, 1, '1400/04/27', '', '1400/10/24 18:05:00'),
(441, 1, 1, 1, 1, 3, 0, 112500, 1, '1400/04/28', 'بستنی شرکت', '1400/10/24 18:05:00'),
(442, 1, 1, 2, 5, 14, 0, 100000, 1, '1400/04/29', '', '1400/10/24 18:05:00'),
(443, 1, 1, 2, 5, 13, 0, 115000, 1, '1400/04/31', 'اسنپ از حسینیه تا خونه', '1400/10/24 18:05:00'),
(444, 1, 0, 0, 0, 2, 3, 8850000, 1, '1400/05/01', '', '1400/10/24 18:05:00'),
(445, 1, 0, 0, 0, 22, 2, 600000, 1, '1400/05/01', 'تمرین c++', '1400/10/24 18:05:00'),
(446, 1, 0, 0, 0, 7, 19, 1200000, 1, '1400/05/02', 'یک ماه اپراتوری سایت', '1400/10/24 18:05:00'),
(447, 1, 1, 1, 1, 2, 0, 210000, 1, '1400/05/02', 'شیر', '1400/10/24 18:05:00'),
(448, 1, 1, 2, 5, 14, 0, 100000, 1, '1400/05/04', '', '1400/10/24 18:05:00'),
(449, 1, 1, 1, 1, 3, 0, 125000, 1, '1400/05/04', 'بستنی شرکت', '1400/10/24 18:05:00'),
(450, 1, 1, 1, 1, 3, 0, 250000, 1, '1400/05/04', 'سلمونی', '1400/10/24 18:05:00'),
(451, 1, 1, 2, 5, 14, 0, 100000, 1, '1400/05/09', '', '1400/10/24 18:05:00'),
(452, 1, 1, 1, 1, 3, 0, 3435000, 1, '1400/05/09', 'تست کرونا (بدون فیش)', '1400/10/24 18:05:00'),
(453, 1, 1, 1, 1, 3, 0, 509500, 1, '1400/05/10', 'دارو', '1400/10/24 18:05:00'),
(454, 1, 1, 2, 5, 1, 0, 40000, 1, '1400/05/10', 'تزریق آمپول', '1400/10/24 18:05:00'),
(455, 1, 1, 2, 5, 14, 0, 100000, 1, '1400/05/14', '', '1400/10/24 18:05:00'),
(456, 1, 1, 1, 1, 3, 0, 410000, 1, '1400/05/14', 'سی تی اسکن', '1400/10/24 18:05:00'),
(457, 1, 1, 2, 5, 18, 0, 512300, 1, '1400/05/18', '', '1400/10/24 18:05:00'),
(458, 1, 1, 1, 1, 2, 0, 378850, 1, '1400/05/18', 'دلستر و نوشابه', '1400/10/24 18:05:00'),
(459, 1, 0, 0, 0, 22, 2, 200000, 1, '1400/05/20', 'امتحان c', '1400/10/24 18:05:00'),
(460, 1, 1, 1, 1, 2, 0, 420000, 1, '1400/05/20', 'گردو', '1400/10/24 18:05:00'),
(461, 1, 1, 1, 1, 2, 0, 53000, 1, '1400/05/20', 'نان - بدون فیش', '1400/10/24 18:05:00'),
(462, 1, 1, 1, 1, 2, 0, 9500, 1, '1400/05/20', 'نان - بدون فیش', '1400/10/24 18:05:00'),
(463, 1, 1, 1, 1, 2, 0, 126100, 1, '1400/05/20', 'دوغ', '1400/10/24 18:05:00'),
(464, 1, 1, 1, 1, 2, 0, 70000, 1, '1400/05/21', 'فلفل دلمه', '1400/10/24 18:05:00'),
(465, 1, 1, 1, 1, 2, 0, 294000, 1, '1400/05/21', 'ماکارونی', '1400/10/24 18:05:00'),
(466, 1, 1, 1, 1, 2, 0, 340000, 1, '1400/05/21', 'ساندویچ', '1400/10/24 18:05:00'),
(467, 1, 0, 0, 0, 9, 9, 5560, 1, '1400/05/21', '', '1400/10/24 18:05:00'),
(468, 1, 0, 0, 0, 22, 2, 200000, 1, '1400/05/23', 'امتحان c', '1400/10/24 18:05:00'),
(469, 1, 1, 1, 1, 2, 0, 140000, 1, '1400/05/24', 'نان', '1400/10/24 18:05:00'),
(470, 1, 1, 1, 1, 3, 0, 70000, 1, '1400/05/24', 'بیسکوییت', '1400/10/24 18:05:00'),
(471, 1, 1, 1, 1, 2, 0, 353000, 1, '1400/05/27', 'نوشابه و دلستر', '1400/10/24 18:05:00'),
(472, 1, 1, 1, 1, 2, 0, 1045000, 1, '1400/05/29', 'غذا - کباب', '1400/10/24 18:05:00'),
(473, 1, 1, 1, 1, 2, 0, 426000, 1, '1400/05/29', 'تخم مرغ', '1400/10/24 18:05:00'),
(474, 1, 1, 1, 1, 2, 0, 302000, 1, '1400/06/01', 'خیار و کلم', '1400/10/24 18:05:00'),
(475, 1, 1, 1, 1, 2, 0, 162202, 1, '1400/06/01', 'نوشابه و بیسکوییت', '1400/10/24 18:05:00'),
(476, 1, 0, 0, 0, 2, 3, 7990000, 1, '1400/06/01', '', '1400/10/24 18:05:00'),
(477, 1, 0, 0, 0, 22, 2, 500000, 1, '1400/06/02', 'امتحان c', '1400/10/24 18:05:00'),
(478, 1, 0, 0, 0, 22, 2, 1200000, 1, '1400/06/02', 'امتحان c', '1400/10/24 18:05:00'),
(479, 1, 1, 1, 1, 2, 0, 140000, 1, '1400/06/03', 'نان', '1400/10/24 18:05:00'),
(480, 1, 1, 1, 1, 2, 0, 380000, 1, '1400/06/06', 'سوسیس - سس', '1400/10/24 18:05:00'),
(481, 1, 1, 1, 1, 2, 0, 1120000, 1, '1400/06/07', 'غذا - کباب', '1400/10/24 18:05:00'),
(482, 1, 1, 1, 1, 2, 0, 175000, 1, '1400/06/08', 'گوجه', '1400/10/24 18:05:00'),
(483, 1, 1, 1, 1, 2, 0, 231431, 1, '1400/06/08', 'نوشابه و دلستر', '1400/10/24 18:05:00'),
(484, 1, 1, 1, 1, 3, 0, 250000, 1, '1400/06/08', 'سلمونی', '1400/10/24 18:05:00'),
(485, 1, 0, 0, 0, 22, 2, 200000, 1, '1400/06/10', 'امتحان طراحی سایت', '1400/10/24 18:05:00'),
(486, 1, 0, 0, 0, 22, 2, 300000, 1, '1400/06/10', 'امتحان طراحی سایت', '1400/10/24 18:05:00'),
(487, 1, 0, 0, 0, 22, 2, 300000, 1, '1400/06/10', 'امتحان طراحی سایت', '1400/10/24 18:05:00'),
(488, 1, 0, 0, 0, 22, 2, 350000, 1, '1400/06/10', 'امتحان طراحی سایت', '1400/10/24 18:05:00'),
(489, 1, 1, 1, 1, 2, 0, 74000, 1, '1400/06/10', 'نان', '1400/10/24 18:05:00'),
(490, 1, 1, 1, 1, 2, 0, 743000, 1, '1400/06/10', 'ساندویچ', '1400/10/24 18:05:00'),
(491, 1, 1, 1, 1, 2, 0, 760000, 1, '1400/06/11', 'غذا - چلو مرغ', '1400/10/24 18:05:00'),
(492, 1, 1, 1, 1, 2, 0, 270549, 1, '1400/06/11', 'پنیر', '1400/10/24 18:05:00'),
(493, 1, 1, 1, 1, 2, 0, 619614, 1, '1400/06/12', 'کیک', '1400/10/24 18:05:00'),
(494, 1, 1, 1, 1, 2, 0, 140000, 1, '1400/06/13', 'نان', '1400/10/24 18:05:00'),
(495, 1, 1, 1, 1, 2, 0, 175000, 1, '1400/06/13', 'دستکش ظرفشویی', '1400/10/24 18:05:00'),
(496, 1, 0, 0, 0, 20, 3, 24000000, 1, '1400/06/13', '', '1400/10/24 18:05:00'),
(497, 1, 1, 2, 5, 19, 0, 14000000, 1, '1400/06/14', 'شهریه ثابت ترم 3', '1400/10/24 18:05:00'),
(498, 1, 1, 2, 5, 19, 0, 65000, 1, '1400/06/14', 'پول بیمه ترم 3', '1400/10/24 18:05:00'),
(499, 1, 1, 1, 1, 2, 0, 540000, 1, '1400/06/14', 'تخم مرغ - نوشابه', '1400/10/24 18:05:00'),
(500, 1, 1, 2, 5, 13, 0, 105000, 1, '1400/06/14', 'اسنپ از خونه تا خونه داوود', '1400/10/24 18:05:00'),
(501, 1, 1, 1, 1, 2, 0, 630000, 1, '1400/06/14', 'ساندویچ', '1400/10/24 18:05:00'),
(502, 1, 1, 1, 1, 2, 0, 430371, 1, '1400/06/17', 'رب و نوشابه', '1400/10/24 18:05:00'),
(503, 1, 1, 1, 1, 2, 0, 265000, 1, '1400/06/18', 'کلم', '1400/10/24 18:05:00'),
(504, 1, 1, 1, 1, 2, 0, 74000, 1, '1400/06/18', 'نان', '1400/10/24 18:05:00'),
(505, 1, 1, 1, 1, 2, 0, 260922, 1, '1400/06/18', 'سس', '1400/10/24 18:05:00'),
(506, 1, 1, 2, 5, 13, 0, 150000, 1, '1400/06/18', 'اسنپ از مسجد تا خونه', '1400/10/24 18:05:00'),
(507, 1, 1, 1, 1, 2, 0, 140000, 1, '1400/06/20', 'نان', '1400/10/24 18:05:00'),
(508, 1, 0, 0, 0, 9, 9, 14984, 1, '1400/06/21', '', '1400/10/24 18:05:00'),
(509, 1, 1, 1, 1, 2, 0, 885000, 1, '1400/06/22', 'غذا - کباب', '1400/10/24 18:05:00'),
(510, 1, 1, 1, 1, 2, 0, 837000, 1, '1400/06/23', 'نان ساندویچی - پنیر پیتزا', '1400/10/24 18:05:00'),
(511, 1, 1, 1, 1, 2, 0, 154000, 1, '1400/06/25', 'گوجه', '1400/10/24 18:05:00'),
(512, 1, 1, 1, 1, 2, 0, 615000, 1, '1400/06/25', 'نوشابه و دلستر و سس', '1400/10/24 18:05:00'),
(513, 1, 1, 2, 5, 13, 0, 125000, 1, '1400/06/26', 'اسنپ از مسجد تا خونه', '1400/10/24 18:05:00'),
(514, 1, 1, 1, 1, 2, 0, 420000, 1, '1400/06/26', 'ساندویچ', '1400/10/24 18:05:00'),
(515, 1, 1, 1, 1, 2, 0, 14000, 1, '1400/06/27', 'نان', '1400/10/24 18:05:00'),
(516, 1, 1, 1, 1, 2, 0, 14000, 1, '1400/06/27', 'نان', '1400/10/24 18:05:00'),
(517, 1, 1, 1, 1, 2, 0, 750000, 1, '1400/06/28', 'ساندویچ', '1400/10/24 18:05:00'),
(518, 1, 1, 1, 1, 2, 0, 140000, 1, '1400/06/29', 'نان', '1400/10/24 18:05:00'),
(519, 1, 1, 1, 1, 2, 0, 306510, 1, '1400/06/30', 'خوراکی', '1400/10/24 18:05:00'),
(520, 1, 1, 1, 1, 2, 0, 135000, 1, '1400/06/30', 'سیب زمینی', '1400/10/24 18:05:00'),
(521, 1, 0, 0, 0, 7, 3, 11610000, 1, '1400/07/01', 'حقوق صندوق', '1400/10/24 18:05:00'),
(522, 1, 0, 0, 0, 2, 3, 10400000, 1, '1400/07/01', '', '1400/10/24 18:05:00'),
(523, 1, 1, 2, 5, 12, 0, 3060000, 1, '1400/07/02', 'کیبورد از دیجیکالا', '1400/10/24 18:05:00'),
(524, 1, 1, 1, 1, 2, 0, 1205000, 1, '1400/07/03', 'غذا - کباب', '1400/10/24 18:05:00'),
(525, 1, 1, 1, 1, 2, 0, 384000, 1, '1400/07/04', 'پیتزا', '1400/10/24 18:05:00'),
(526, 1, 1, 1, 1, 2, 0, 39500, 1, '1400/07/04', 'نان', '1400/10/24 18:05:00'),
(527, 1, 1, 1, 1, 2, 0, 140000, 1, '1400/07/05', 'نان', '1400/10/24 18:05:00'),
(528, 1, 1, 1, 1, 2, 0, 826000, 1, '1400/07/05', 'تخم مرغ - نوشابه', '1400/10/24 18:05:00'),
(529, 1, 1, 1, 1, 3, 0, 350000, 1, '1400/07/06', 'کتاب زبان تخصصی', '1400/10/24 18:05:00'),
(530, 1, 1, 1, 1, 2, 0, 1100000, 1, '1400/07/06', 'غذا', '1400/10/24 18:05:00'),
(531, 1, 1, 1, 1, 2, 0, 200000, 1, '1400/07/06', 'سس انار', '1400/10/24 18:05:00'),
(532, 1, 1, 1, 1, 2, 0, 600000, 1, '1400/07/08', 'گلپر و فلفل سیاه', '1400/10/24 18:05:00'),
(533, 1, 1, 2, 5, 14, 0, 100000, 1, '1400/07/08', '', '1400/10/24 18:05:00'),
(534, 1, 1, 2, 5, 13, 0, 105000, 1, '1400/07/08', 'اسنپ از خونه تا مسجد', '1400/10/24 18:05:00'),
(535, 1, 1, 2, 5, 13, 0, 110000, 1, '1400/07/08', 'اسنپ از مسجد تا خونه', '1400/10/24 18:05:00'),
(536, 1, 1, 1, 1, 2, 0, 283000, 1, '1400/07/09', 'نوشابه و دلستر', '1400/10/24 18:05:00'),
(537, 1, 1, 1, 1, 2, 0, 540000, 1, '1400/07/10', 'سیب زمینی - گوجه - پیاز', '1400/10/24 18:05:00'),
(538, 1, 1, 1, 1, 2, 0, 98000, 1, '1400/07/10', 'نان', '1400/10/24 18:05:00'),
(539, 1, 1, 1, 1, 2, 0, 1080000, 1, '1400/07/12', 'غذا - کباب', '1400/10/24 18:05:00'),
(540, 1, 1, 1, 1, 2, 0, 51000, 1, '1400/07/13', 'نان', '1400/10/24 18:05:00'),
(541, 1, 1, 1, 1, 2, 0, 62500, 1, '1400/07/15', 'نان', '1400/10/24 18:05:00'),
(542, 1, 1, 1, 1, 3, 0, 246000, 1, '1400/07/15', 'خوراکی', '1400/10/24 18:05:00'),
(543, 1, 1, 2, 5, 13, 0, 125000, 1, '1400/07/15', 'اسنپ از مسجد تا خونه', '1400/10/24 18:05:00'),
(544, 1, 1, 1, 1, 2, 0, 100000, 1, '1400/07/16', 'خیار', '1400/10/24 18:05:00'),
(545, 1, 1, 1, 1, 2, 0, 424600, 1, '1400/07/16', 'نوشابه و دلستر', '1400/10/24 18:05:00'),
(546, 1, 1, 1, 1, 2, 0, 62500, 1, '1400/07/16', 'نان', '1400/10/24 18:05:00'),
(547, 1, 1, 1, 1, 2, 0, 208000, 1, '1400/07/17', 'سیب زمینی', '1400/10/24 18:05:00'),
(548, 1, 1, 1, 1, 2, 0, 374000, 1, '1400/07/17', 'نان ساندویچی و خیارشور', '1400/10/24 18:05:00'),
(549, 1, 1, 1, 1, 2, 0, 100000, 1, '1400/07/17', 'نان ساندویچی', '1400/10/24 18:05:00'),
(550, 1, 1, 1, 1, 2, 0, 39500, 1, '1400/07/18', 'نان', '1400/10/24 18:05:00'),
(551, 1, 1, 1, 1, 2, 0, 140000, 1, '1400/07/19', 'نان', '1400/10/24 18:05:00'),
(552, 1, 1, 1, 1, 2, 0, 615000, 1, '1400/07/19', 'هویج و شلغم و جعفری', '1400/10/24 18:05:00'),
(553, 1, 1, 1, 1, 2, 0, 602000, 1, '1400/07/19', 'تخم مرغ', '1400/10/24 18:05:00'),
(554, 1, 1, 1, 1, 2, 0, 743000, 1, '1400/07/20', 'ساندویچ', '1400/10/24 18:05:00'),
(555, 1, 1, 2, 5, 11, 0, 50000, 1, '1400/07/20', '', '1400/10/24 18:05:00'),
(556, 1, 1, 1, 1, 3, 0, 300000, 1, '1400/07/20', 'سلمونی', '1400/10/24 18:05:00'),
(557, 1, 0, 0, 0, 9, 9, 89049, 1, '1400/07/21', '', '1400/10/24 18:05:00'),
(558, 1, 1, 1, 1, 2, 0, 546000, 1, '1400/07/22', 'پیتزا', '1400/10/24 18:05:00'),
(559, 1, 1, 1, 1, 2, 0, 463360, 1, '1400/07/23', 'ماست و نوشابه', '1400/10/24 18:05:00'),
(560, 1, 1, 1, 1, 2, 0, 177210, 1, '1400/07/23', 'ماست', '1400/10/24 18:05:00'),
(561, 1, 1, 1, 1, 2, 0, 225000, 1, '1400/07/24', 'خیارشور', '1400/10/24 18:05:00'),
(562, 1, 1, 1, 1, 2, 0, 140000, 1, '1400/07/25', 'نان', '1400/10/24 18:05:00'),
(563, 1, 1, 1, 1, 2, 0, 240250, 1, '1400/07/26', 'نوشابه', '1400/10/24 18:05:00'),
(564, 1, 1, 1, 1, 2, 0, 438700, 1, '1400/07/27', 'خوراکی', '1400/10/24 18:05:00'),
(565, 1, 1, 2, 5, 14, 0, 100000, 1, '1400/07/28', '', '1400/10/24 18:05:00'),
(566, 1, 1, 1, 1, 2, 0, 100000, 1, '1400/07/28', 'نان ساندویچی', '1400/10/24 18:05:00'),
(567, 1, 1, 1, 1, 2, 0, 28000, 1, '1400/07/29', 'نان', '1400/10/24 18:05:00'),
(568, 1, 1, 2, 5, 13, 0, 170000, 1, '1400/07/29', 'اسنپ از مسجد تا خونه', '1400/10/24 18:05:00'),
(569, 1, 0, 0, 0, 2, 3, 19777582, 1, '1400/07/30', 'خرید خونه و حقوق صندوق', '1400/10/24 18:05:00'),
(570, 1, 1, 1, 1, 2, 0, 98000, 1, '1400/08/01', 'نان', '1400/10/24 18:05:00'),
(571, 1, 1, 1, 1, 2, 0, 206000, 1, '1400/08/02', 'گوجه', '1400/10/24 18:05:00'),
(572, 1, 1, 1, 1, 3, 0, 155000, 1, '1400/08/02', 'تخمه', '1400/10/24 18:05:00'),
(573, 1, 1, 2, 5, 1, 0, 490000, 1, '1400/08/03', 'دامین سایت کاور (5 ساله)', '1400/10/24 18:05:00'),
(574, 1, 1, 2, 5, 1, 0, 5490000, 1, '1400/08/03', 'هاست سایت کاور (1 ساله)', '1400/10/24 18:05:00'),
(575, 1, 1, 1, 1, 2, 0, 788000, 1, '1400/08/03', 'ساندویچ', '1400/10/24 18:05:00'),
(576, 1, 1, 1, 1, 2, 0, 400000, 1, '1400/08/05', 'سس انار و نوشابه', '1400/10/24 18:05:00'),
(577, 1, 1, 1, 1, 2, 0, 140000, 1, '1400/08/05', 'نان', '1400/10/24 18:05:00'),
(578, 1, 1, 1, 1, 2, 0, 280000, 1, '1400/08/05', 'سیب زمینی', '1400/10/24 18:05:00'),
(579, 1, 1, 1, 1, 2, 0, 303600, 1, '1400/08/05', 'سس انار', '1400/10/24 18:05:00'),
(580, 1, 1, 1, 1, 2, 0, 195200, 1, '1400/08/05', 'سس قرمز', '1400/10/24 18:05:00'),
(581, 1, 1, 1, 1, 2, 0, 388750, 1, '1400/08/08', 'دوغ و نوشابه و دلستر', '1400/10/24 18:05:00'),
(582, 1, 1, 2, 5, 14, 0, 100000, 1, '1400/08/09', '', '1400/10/24 18:05:00');
INSERT INTO `tbl_soorathesab` (`id`, `hesabID`, `khoroojiAst`, `noeID`, `vasilehID`, `dastehID`, `fardID`, `mablagh`, `vaziat`, `tarikh`, `tozih`, `zamanSabt`) VALUES
(583, 1, 1, 1, 1, 2, 0, 80000, 1, '1400/08/09', 'نان', '1400/10/24 18:05:00'),
(584, 1, 1, 1, 1, 2, 0, 62500, 1, '1400/08/09', 'نان', '1400/10/24 18:05:00'),
(585, 1, 1, 1, 1, 3, 0, 120000, 1, '1400/08/09', 'خودکار', '1400/10/24 18:05:00'),
(586, 1, 1, 2, 5, 13, 0, 60000, 1, '1400/08/10', 'اسنپ از خونه تا شرکت', '1400/10/24 18:05:00'),
(587, 1, 1, 2, 4, 3, 16, 150000, 1, '1400/08/10', 'پول آب کله', '1400/10/24 18:05:00'),
(588, 1, 1, 1, 1, 2, 0, 140000, 1, '1400/08/10', 'نان', '1400/10/24 18:05:00'),
(589, 1, 1, 1, 1, 2, 0, 798550, 1, '1400/08/12', 'نوشابه و بیسکوییت', '1400/10/24 18:05:00'),
(590, 1, 1, 2, 5, 13, 0, 100000, 1, '1400/08/13', 'اسنپ از مسجد تا خونه', '1400/10/24 18:05:00'),
(591, 1, 1, 1, 1, 2, 0, 610000, 1, '1400/08/14', 'نارنگی', '1400/10/24 18:05:00'),
(592, 1, 1, 1, 1, 2, 0, 98000, 1, '1400/08/15', 'نان', '1400/10/24 18:05:00'),
(593, 1, 1, 1, 1, 3, 0, 162000, 1, '1400/08/17', 'بستنی شرکت', '1400/10/24 18:05:00'),
(594, 1, 1, 1, 1, 2, 0, 678400, 1, '1400/08/18', 'پنیر و نوشابه و بیسکوییت', '1400/10/24 18:05:00'),
(595, 1, 1, 2, 5, 14, 0, 100000, 1, '1400/08/19', '', '1400/10/24 18:05:00'),
(596, 1, 1, 2, 5, 12, 0, 145000, 1, '1400/08/19', 'خرید آقا مصطفی', '1400/10/24 18:05:00'),
(597, 1, 1, 1, 1, 2, 0, 62500, 1, '1400/08/19', 'نان', '1400/10/24 18:05:00'),
(598, 1, 1, 1, 1, 2, 0, 409000, 1, '1400/08/19', 'سوسیس و نون ساندویچی', '1400/10/24 18:05:00'),
(599, 1, 1, 2, 5, 11, 0, 21800, 1, '1400/08/21', '', '1400/10/24 18:05:00'),
(600, 1, 1, 2, 5, 11, 0, 50000, 1, '1400/08/21', '', '1400/10/24 18:05:00'),
(601, 1, 0, 0, 0, 9, 9, 127330, 1, '1400/08/21', '', '1400/10/24 18:05:00'),
(602, 1, 1, 1, 1, 2, 0, 300000, 1, '1400/08/22', 'ساندویچ سرد و بیسکوییت', '1400/10/24 18:05:00'),
(603, 1, 1, 1, 1, 2, 0, 1465000, 1, '1400/08/23', 'غذا - کباب', '1400/10/24 18:05:00'),
(604, 1, 1, 1, 1, 2, 0, 60000, 1, '1400/08/24', 'نان', '1400/10/24 18:05:00'),
(605, 1, 1, 1, 1, 2, 0, 140000, 1, '1400/08/26', 'نان', '1400/10/24 18:05:00'),
(606, 1, 1, 1, 1, 2, 0, 1740000, 1, '1400/08/26', 'پیتزا', '1400/10/24 18:05:00'),
(607, 1, 1, 1, 1, 2, 0, 860000, 1, '1400/08/27', 'غذا - چلو مرغ', '1400/10/24 18:05:00'),
(608, 1, 1, 1, 1, 2, 0, 954100, 1, '1400/08/27', 'خوراکی', '1400/10/24 18:05:00'),
(609, 1, 1, 1, 1, 2, 0, 235900, 1, '1400/08/28', 'نوشابه و دلستر', '1400/10/24 18:05:00'),
(610, 1, 1, 1, 1, 2, 0, 535000, 1, '1400/08/30', 'تخم مرغ', '1400/10/24 18:05:00'),
(611, 1, 0, 0, 0, 2, 3, 17450000, 1, '1400/09/02', 'بعلاوه 600 تومن هاست سایت کاور', '1400/10/24 18:05:00'),
(612, 1, 1, 1, 1, 2, 0, 673000, 1, '1400/09/02', 'پیتزا - در اصل 1400/09/01', '1400/10/24 18:05:00'),
(613, 1, 1, 2, 5, 12, 0, 156000, 1, '1400/09/02', 'بلیط سینما (قهرمان) - در اصل 1400/09/01', '1400/10/24 18:05:00'),
(614, 1, 1, 2, 5, 14, 0, 100000, 1, '1400/09/02', '', '1400/10/24 18:05:00'),
(615, 1, 1, 1, 1, 3, 0, 231000, 1, '1400/09/02', 'چس فیل و نوشابه سینما', '1400/10/24 18:05:00'),
(616, 1, 1, 1, 1, 2, 0, 62500, 1, '1400/09/02', 'نان', '1400/10/24 18:05:00'),
(617, 1, 1, 2, 5, 13, 0, 75000, 1, '1400/09/03', 'اسنپ از خونه تا شرکت', '1400/10/24 18:05:00'),
(618, 1, 1, 1, 1, 3, 0, 340000, 1, '1400/09/03', 'پول آب کله', '1400/10/24 18:05:00'),
(619, 1, 0, 0, 0, 1, 2, 112500, 1, '1400/09/03', 'سهم آب کله سجاد زارعی', '1400/10/24 18:05:00'),
(620, 1, 0, 0, 0, 1, 7, 247500, 1, '1400/09/03', 'سهم آب کله', '1400/10/24 18:05:00'),
(621, 1, 1, 1, 1, 2, 0, 739100, 1, '1400/09/03', 'نوشابه و سس و بیسکوییت', '1400/10/24 18:05:00'),
(622, 1, 1, 1, 1, 3, 0, 220000, 1, '1400/09/03', 'جوراب', '1400/10/24 18:05:00'),
(623, 1, 1, 1, 1, 26, 0, 990000, 1, '1400/09/03', 'کادو تولد لیانا', '1400/10/24 18:05:00'),
(624, 1, 1, 1, 1, 3, 0, 1750000, 1, '1400/09/03', 'ساک ورزشی', '1400/10/24 18:05:00'),
(625, 1, 1, 1, 1, 3, 0, 350000, 1, '1400/09/03', 'گردنبند و دست بند', '1400/10/24 18:05:00'),
(626, 1, 1, 1, 1, 3, 0, 600000, 1, '1400/09/03', 'شلوارک', '1400/10/24 18:05:00'),
(627, 1, 1, 1, 1, 3, 0, 125000, 1, '1400/09/03', 'بادکنک', '1400/10/24 18:05:00'),
(628, 1, 1, 1, 1, 3, 0, 20000, 1, '1400/09/03', 'کاغذ کادو', '1400/10/24 18:05:00'),
(629, 1, 1, 1, 1, 2, 0, 214350, 1, '1400/09/03', 'خوراکی کادو لیانا', '1400/10/24 18:05:00'),
(630, 1, 1, 1, 1, 2, 0, 235000, 1, '1400/09/03', 'سوسیس', '1400/10/24 18:05:00'),
(631, 1, 0, 0, 0, 22, 2, 180000, 1, '1400/09/04', 'امتحان ریاضی مهندسی', '1400/10/24 18:05:00'),
(632, 1, 0, 0, 0, 22, 2, 180000, 1, '1400/09/04', 'امتحان ریاضی مهندسی', '1400/10/24 18:05:00'),
(633, 1, 1, 1, 1, 2, 0, 62500, 1, '1400/09/04', 'نان', '1400/10/24 18:05:00'),
(634, 1, 1, 2, 5, 13, 0, 125000, 1, '1400/09/04', 'اسنپ از مسجد تا خونه', '1400/10/24 18:05:00'),
(635, 1, 1, 1, 1, 2, 0, 120000, 1, '1400/09/05', 'گوجه', '1400/10/24 18:05:00'),
(636, 1, 1, 1, 1, 2, 0, 407710, 1, '1400/09/05', 'ماست و نوشابه', '1400/10/24 18:05:00'),
(637, 1, 0, 0, 0, 22, 2, 180000, 1, '1400/09/05', 'امتحان ریاضی مهندسی', '1400/10/24 18:05:00'),
(638, 1, 0, 0, 0, 22, 2, 180000, 1, '1400/09/05', 'امتحان ریاضی مهندسی', '1400/10/24 18:05:00'),
(639, 1, 0, 0, 0, 22, 2, 180000, 1, '1400/09/05', 'امتحان ریاضی مهندسی', '1400/10/24 18:05:00'),
(640, 1, 0, 0, 0, 7, 3, 6736000, 1, '1400/09/05', 'حقوق صندوق', '1400/10/24 18:05:00'),
(641, 1, 0, 0, 0, 22, 2, 180000, 1, '1400/09/06', 'امتحان ریاضی مهندسی', '1400/10/24 18:05:00'),
(642, 1, 0, 0, 0, 22, 2, 180000, 1, '1400/09/06', 'امتحان ریاضی مهندسی', '1400/10/24 18:05:00'),
(643, 1, 1, 1, 1, 2, 0, 140000, 1, '1400/09/06', 'نان', '1400/10/24 18:05:00'),
(644, 1, 0, 0, 0, 22, 2, 180000, 1, '1400/09/06', 'امتحان ریاضی مهندسی', '1400/10/24 18:05:00'),
(645, 1, 1, 1, 1, 3, 0, 350000, 1, '1400/09/06', 'سلمونی', '1400/10/24 18:05:00'),
(646, 1, 0, 0, 0, 22, 2, 180000, 1, '1400/09/06', 'امتحان ریاضی مهندسی', '1400/10/24 18:05:00'),
(647, 1, 1, 1, 1, 2, 0, 140000, 1, '1400/09/09', 'نان', '1400/10/24 18:05:00'),
(648, 1, 1, 2, 5, 14, 0, 100000, 1, '1400/09/10', '', '1400/10/24 18:05:00'),
(649, 1, 0, 0, 0, 22, 2, 180000, 1, '1400/09/10', 'امتحان ریاضی مهندسی', '1400/10/24 18:05:00'),
(650, 1, 1, 2, 3, 1, 22, 2006000, 1, '1400/09/11', 'پول امتحان ریاضی مهندسی', '1400/10/24 18:05:00'),
(651, 1, 1, 1, 1, 2, 0, 1460000, 1, '1400/09/11', 'پارچه', '1400/10/24 18:05:00'),
(652, 1, 1, 1, 1, 2, 0, 754250, 1, '1400/09/13', 'بیسکوییت و نوشابه', '1400/10/24 18:05:00'),
(653, 1, 1, 1, 1, 2, 0, 305000, 1, '1400/09/13', 'سیب زمینی', '1400/10/24 18:05:00'),
(654, 1, 1, 1, 1, 2, 0, 245000, 1, '1400/09/13', 'سوسیس', '1400/10/24 18:05:00'),
(655, 1, 1, 1, 1, 2, 0, 60000, 1, '1400/09/14', 'نان', '1400/10/24 18:05:00'),
(656, 1, 1, 1, 1, 2, 0, 177210, 1, '1400/09/15', 'ماست', '1400/10/24 18:05:00'),
(657, 1, 1, 1, 1, 2, 0, 140000, 1, '1400/09/15', 'نان', '1400/10/24 18:05:00'),
(658, 1, 1, 1, 1, 2, 0, 2018000, 1, '1400/09/16', 'پیتزا و کنتاکی', '1400/10/24 18:05:00'),
(659, 1, 1, 2, 5, 19, 0, 13110000, 1, '1400/09/17', 'شهریه متغیر ترم 3', '1400/10/24 18:05:00'),
(660, 1, 1, 2, 3, 3, 4, 456000, 1, '1400/09/18', 'پول سالن', '1400/10/24 18:05:00'),
(661, 1, 1, 2, 5, 13, 0, 145000, 1, '1400/09/17', 'اسنپ از مسجد تا خونه', '1400/10/24 18:05:00'),
(662, 1, 1, 1, 1, 2, 0, 392150, 1, '1400/09/19', 'نوشابه و ماست', '1400/10/24 18:05:00'),
(663, 1, 1, 1, 1, 2, 0, 156800, 1, '1400/09/19', 'دوغ', '1400/10/24 18:05:00'),
(664, 1, 1, 1, 1, 2, 0, 426000, 1, '1400/09/19', 'تخم مرغ', '1400/10/24 18:05:00'),
(665, 1, 1, 1, 1, 2, 0, 2545000, 1, '1400/09/19', 'غذا - کباب', '1400/10/24 18:05:00'),
(666, 1, 1, 1, 1, 2, 0, 190000, 1, '1400/09/19', 'دلستر', '1400/10/24 18:05:00'),
(667, 1, 1, 2, 5, 14, 0, 100000, 1, '1400/09/21', '', '1400/10/24 18:05:00'),
(668, 1, 1, 1, 1, 2, 0, 140000, 1, '1400/09/21', 'نان', '1400/10/24 18:05:00'),
(669, 1, 0, 0, 0, 9, 9, 77407, 1, '1400/09/21', '', '1400/10/24 18:05:00'),
(670, 1, 1, 1, 1, 3, 0, 200000, 1, '1400/09/24', 'چیپس', '1400/10/24 18:05:00'),
(671, 1, 1, 1, 1, 2, 0, 371250, 1, '1400/09/24', 'نوشابه و دلستر', '1400/10/24 18:05:00'),
(672, 1, 1, 1, 1, 2, 0, 723100, 1, '1400/09/24', 'پنیر و سس', '1400/10/24 18:05:00'),
(673, 1, 1, 1, 1, 2, 0, 860000, 1, '1400/09/25', 'غذا - چلو مرغ', '1400/10/24 18:05:00'),
(674, 1, 1, 1, 1, 2, 0, 120000, 1, '1400/09/25', 'بند چرخ مامان', '1400/10/24 18:05:00'),
(675, 1, 1, 1, 1, 2, 0, 57500, 1, '1400/09/25', 'نان', '1400/10/24 18:05:00'),
(676, 1, 1, 1, 1, 2, 0, 320000, 1, '1400/09/25', 'ساندویچ', '1400/10/24 18:05:00'),
(677, 1, 1, 1, 1, 2, 0, 1810000, 1, '1400/09/26', 'پیتزا', '1400/10/24 18:05:00'),
(678, 1, 1, 1, 1, 2, 0, 333000, 1, '1400/09/26', 'سیب زمینی - فلفل - کدو', '1400/10/24 18:05:00'),
(679, 1, 1, 1, 1, 2, 0, 140000, 1, '1400/09/27', 'نان', '1400/10/24 18:05:00'),
(680, 1, 1, 1, 1, 2, 0, 114400, 1, '1400/09/27', 'نوشابه', '1400/10/24 18:05:00'),
(681, 1, 0, 0, 0, 2, 3, 16420000, 1, '1400/09/29', '', '1400/10/24 18:05:00'),
(682, 1, 1, 2, 5, 14, 0, 100000, 1, '1400/09/29', '', '1400/10/24 18:05:00'),
(683, 1, 0, 0, 0, 7, 3, 6579000, 1, '1400/09/30', 'حقوق صندوق', '1400/10/24 18:05:00'),
(684, 1, 1, 1, 1, 2, 0, 692000, 1, '1400/09/30', 'خوراکی', '1400/10/24 18:05:00'),
(685, 1, 1, 1, 1, 3, 0, 900000, 1, '1400/10/02', 'هندزفری', '1400/10/24 18:05:00'),
(686, 1, 1, 2, 5, 13, 0, 150000, 1, '1400/10/02', 'اسنپ از مسجد تا خونه', '1400/10/24 18:05:00'),
(687, 1, 1, 1, 1, 2, 0, 14000, 1, '1400/10/03', 'نان - بدون فیش', '1400/10/24 18:05:00'),
(688, 1, 1, 1, 1, 2, 0, 490000, 1, '1400/10/03', 'سیب زمینی - پیاز', '1400/10/24 18:05:00'),
(689, 1, 1, 1, 1, 2, 0, 34500, 1, '1400/10/03', 'نان', '1400/10/24 18:05:00'),
(690, 1, 1, 1, 1, 2, 0, 140000, 1, '1400/10/03', 'نان', '1400/10/24 18:05:00'),
(691, 1, 1, 1, 1, 2, 0, 253060, 1, '1400/10/03', 'نوشابه و دلستر', '1400/10/24 18:05:00'),
(692, 1, 1, 1, 1, 2, 0, 300000, 1, '1400/10/03', 'ساندویچ', '1400/10/24 18:05:00'),
(693, 1, 1, 2, 5, 12, 0, 87500, 1, '1400/10/06', 'دنگ ساندویچ', '1400/10/24 18:05:00'),
(694, 1, 1, 1, 1, 3, 0, 67000, 1, '1400/10/06', 'سس تک نفره - بدون فیش', '1400/10/24 18:05:00'),
(695, 1, 1, 1, 1, 2, 0, 140000, 1, '1400/10/07', 'نان', '1400/10/24 18:05:00'),
(696, 1, 1, 2, 3, 22, 2, 306000, 1, '1400/10/07', 'بیعانه امتحان فیزیک 2', '1400/10/24 18:05:00'),
(697, 1, 1, 2, 5, 14, 0, 100000, 1, '1400/10/08', '', '1400/10/24 18:05:00'),
(698, 1, 1, 2, 3, 22, 22, 96000, 1, '1400/10/08', 'بیعانه امتحان آمار مهندسی', '1400/10/24 18:05:00'),
(699, 1, 1, 2, 3, 22, 2, 233000, 1, '1400/10/08', 'امتحان ریاضی مهندسی - واریز به صدف مظلوم', '1400/10/24 18:05:00'),
(700, 1, 1, 1, 1, 2, 0, 1770000, 1, '1400/10/08', 'غذا - کباب', '1400/10/24 18:05:00'),
(701, 1, 1, 2, 3, 22, 2, 124000, 1, '1400/10/10', 'امتحان مدار الکتریکی - واریز به مهدیه سعیدی', '1400/10/24 18:05:00'),
(702, 1, 1, 2, 5, 12, 0, 580000, 1, '1400/10/11', 'آلبوم Rothschild پوتک', '1400/10/24 18:05:00'),
(703, 1, 1, 1, 1, 2, 0, 798060, 1, '1400/10/11', 'خوراکی', '1400/10/24 18:05:00'),
(704, 1, 1, 2, 4, 3, 17, 30000, 1, '1400/10/12', 'آیس کافی', '1400/10/24 18:05:00'),
(705, 1, 1, 2, 5, 14, 0, 100000, 1, '1400/10/13', '', '1400/10/24 18:05:00'),
(706, 1, 1, 1, 1, 2, 0, 443000, 1, '1400/10/13', 'ساندویچ', '1400/10/24 18:05:00'),
(707, 1, 1, 1, 1, 2, 0, 140000, 1, '1400/10/13', 'نان', '1400/10/24 18:05:00'),
(708, 1, 1, 1, 1, 2, 0, 793000, 1, '1400/10/16', 'سیب زمینی - گوجه - پیاز', '1400/10/24 18:05:00'),
(709, 1, 1, 1, 1, 2, 0, 359343, 1, '1400/10/16', 'ماست و نوشابه', '1400/10/24 18:05:00'),
(710, 1, 1, 1, 1, 2, 0, 57500, 1, '1400/10/16', 'نان', '1400/10/24 18:05:00'),
(711, 1, 1, 1, 1, 2, 0, 599000, 1, '1400/10/18', 'تخم مرغ و نان', '1400/10/24 18:05:00'),
(712, 1, 1, 1, 1, 2, 0, 140000, 1, '1400/10/19', 'نان', '1400/10/24 18:05:00'),
(713, 1, 1, 2, 3, 22, 2, 2206000, 1, '1400/10/19', 'پایانترم فیزیک 2', '1400/10/24 18:05:00'),
(714, 1, 0, 0, 0, 22, 2, 830000, 1, '1400/10/19', 'سهم بهار دهقان - امتحان فیزیک 2', '1400/10/24 18:05:00'),
(715, 1, 0, 0, 0, 22, 2, 830000, 1, '1400/10/19', 'سهم مهدیه سعیدی - امتحان فیزیک 2', '1400/10/24 18:05:00'),
(716, 1, 0, 0, 0, 9, 9, 35720, 1, '1400/10/21', '', '1400/10/24 18:05:00'),
(717, 1, 1, 1, 1, 2, 0, 140000, 1, '1400/10/22', 'نان', '1400/10/24 18:05:00'),
(718, 1, 1, 1, 1, 2, 0, 357193, 1, '1400/10/23', 'نوشابه و سس', '1400/10/24 18:05:00'),
(719, 1, 1, 1, 1, 3, 0, 350000, 1, '1400/10/24', 'سلمونی', '1400-10-24 20:41:49'),
(720, 1, 1, 1, 1, 3, 0, 105550, 1, '1400/10/25', 'کیک و شیرموز', '1400-10-25 09:59:50'),
(721, 1, 1, 1, 1, 2, 0, 1570000, 1, '1400/10/25', 'غذا - کباب', '1400-10-25 13:32:02'),
(722, 1, 1, 1, 1, 2, 0, 495900, 1, '1400/10/25', 'خوراکی', '1400-10-26 20:45:06'),
(723, 1, 1, 2, 3, 22, 22, 260250, 1, '1400/10/27', 'امتحان آمار مهندسی', '1400-10-27 18:08:19'),
(724, 1, 1, 1, 1, 2, 0, 140000, 1, '1400/10/27', 'نان', '1400-10-27 18:09:56'),
(725, 1, 1, 2, 3, 22, 22, 120250, 1, '1400/10/28', 'امتحان آمار مهندسی', '1400-10-28 17:19:39'),
(726, 1, 0, 0, 0, 7, 3, 4539000, 1, '1400/10/30', 'حقوق صندوق', '1400-10-30 12:28:42'),
(727, 1, 1, 1, 1, 2, 0, 648000, 1, '1400/10/30', 'ساندویچ', '1400-10-30 21:40:21'),
(728, 1, 1, 1, 1, 2, 0, 1005000, 1, '1400/11/01', 'غذا - کباب', '1400-11-01 21:18:38'),
(729, 1, 0, 0, 0, 2, 3, 11510000, 1, '1400/11/01', '', '1400-11-01 22:04:13'),
(730, 1, 1, 2, 5, 13, 0, 140000, 1, '1400/11/02', 'اسنپ از مسجد تا خونه', '1400-11-02 23:36:39'),
(731, 1, 1, 1, 1, 2, 0, 133943, 1, '1400/11/03', 'نوشابه', '1400-11-03 14:28:19'),
(732, 1, 1, 1, 1, 1, 0, 500000, 1, '1400/11/04', 'تعویض باتری ساعت بابا', '1400-11-04 18:00:57'),
(733, 1, 1, 1, 1, 26, 0, 1800000, 1, '1400/11/04', 'گردنبند و گوشواره، روز مادر', '1400-11-04 18:01:40'),
(734, 1, 1, 2, 5, 12, 0, 300000, 1, '1400/11/04', 'ترک سینا ساعی', '1400-11-04 18:03:32'),
(735, 1, 1, 1, 1, 2, 0, 240000, 1, '1400/11/04', 'سس', '1400-11-04 18:03:46'),
(736, 1, 1, 1, 1, 2, 0, 475000, 1, '1400/11/04', 'پیتزا', '1400-11-04 18:03:54'),
(737, 1, 1, 1, 1, 2, 0, 57500, 1, '1400/11/04', 'نان', '1400-11-04 20:20:08'),
(738, 1, 1, 1, 1, 2, 0, 357243, 1, '1400/11/06', 'نوشابه و دوغ', '1400-11-06 17:31:56'),
(739, 1, 1, 1, 1, 2, 0, 160000, 1, '1400/11/06', 'ماست', '1400-11-06 17:32:11'),
(740, 1, 1, 1, 1, 2, 0, 600850, 1, '1400/11/06', 'کیک و بیسکوییت', '1400-11-06 17:32:34'),
(741, 1, 1, 1, 1, 2, 0, 140000, 1, '1400/11/06', 'نان', '1400-11-06 17:32:40'),
(742, 1, 1, 2, 5, 12, 0, 103550, 1, '1400/11/06', 'فیلم قهرمان', '1400-11-06 20:35:16'),
(743, 1, 1, 1, 1, 2, 0, 365000, 1, '1400/11/09', 'نوشابه - دلستر - نان', '1400-11-09 21:20:28'),
(744, 1, 1, 1, 1, 2, 0, 865000, 1, '1400/11/10', 'ساندویچ', '1400-11-10 14:16:11'),
(745, 1, 1, 1, 1, 2, 0, 80000, 1, '1400/11/10', 'نان', '1400-11-10 22:59:05'),
(746, 1, 1, 1, 1, 2, 0, 298000, 1, '1400/11/10', 'تن ماهی', '1400-11-10 22:59:42'),
(747, 1, 1, 2, 5, 14, 0, 100000, 1, '1400/11/11', '', '1400-11-11 13:08:19'),
(748, 1, 1, 1, 1, 2, 0, 140000, 1, '1400/11/11', 'نان', '1400-11-11 18:56:29');

-- --------------------------------------------------------

--
-- Table structure for table `tbl_tanzimat`
--

CREATE TABLE `tbl_tanzimat` (
  `darkModeAst` tinyint(4) NOT NULL DEFAULT '0'
) ENGINE=InnoDB DEFAULT CHARSET=utf8 COLLATE=utf8_persian_ci;

--
-- Dumping data for table `tbl_tanzimat`
--

INSERT INTO `tbl_tanzimat` (`darkModeAst`) VALUES
(0);

-- --------------------------------------------------------

--
-- Table structure for table `tbl_vasileh`
--

CREATE TABLE `tbl_vasileh` (
  `id` tinyint(4) NOT NULL,
  `nam` varchar(30) COLLATE utf8_persian_ci NOT NULL
) ENGINE=InnoDB DEFAULT CHARSET=utf8 COLLATE=utf8_persian_ci;

--
-- Dumping data for table `tbl_vasileh`
--

INSERT INTO `tbl_vasileh` (`id`, `nam`) VALUES
(1, 'کارتخوان'),
(2, 'عابر بانک'),
(3, 'کارت به کارت'),
(4, 'حساب به حساب'),
(5, 'پرداخت');

--
-- Indexes for dumped tables
--

--
-- Indexes for table `tbl_afrad`
--
ALTER TABLE `tbl_afrad`
  ADD PRIMARY KEY (`id`);

--
-- Indexes for table `tbl_bank`
--
ALTER TABLE `tbl_bank`
  ADD PRIMARY KEY (`id`);

--
-- Indexes for table `tbl_dasteh`
--
ALTER TABLE `tbl_dasteh`
  ADD PRIMARY KEY (`id`);

--
-- Indexes for table `tbl_hesab`
--
ALTER TABLE `tbl_hesab`
  ADD PRIMARY KEY (`id`);

--
-- Indexes for table `tbl_soorathesab`
--
ALTER TABLE `tbl_soorathesab`
  ADD PRIMARY KEY (`id`);

--
-- Indexes for table `tbl_vasileh`
--
ALTER TABLE `tbl_vasileh`
  ADD PRIMARY KEY (`id`);

--
-- AUTO_INCREMENT for dumped tables
--

--
-- AUTO_INCREMENT for table `tbl_afrad`
--
ALTER TABLE `tbl_afrad`
  MODIFY `id` int(11) NOT NULL AUTO_INCREMENT, AUTO_INCREMENT=23;
--
-- AUTO_INCREMENT for table `tbl_bank`
--
ALTER TABLE `tbl_bank`
  MODIFY `id` int(11) NOT NULL AUTO_INCREMENT, AUTO_INCREMENT=16;
--
-- AUTO_INCREMENT for table `tbl_dasteh`
--
ALTER TABLE `tbl_dasteh`
  MODIFY `id` int(11) NOT NULL AUTO_INCREMENT, AUTO_INCREMENT=27;
--
-- AUTO_INCREMENT for table `tbl_hesab`
--
ALTER TABLE `tbl_hesab`
  MODIFY `id` int(11) NOT NULL AUTO_INCREMENT, AUTO_INCREMENT=7;
--
-- AUTO_INCREMENT for table `tbl_soorathesab`
--
ALTER TABLE `tbl_soorathesab`
  MODIFY `id` int(11) NOT NULL AUTO_INCREMENT, AUTO_INCREMENT=749;
--
-- AUTO_INCREMENT for table `tbl_vasileh`
--
ALTER TABLE `tbl_vasileh`
  MODIFY `id` tinyint(4) NOT NULL AUTO_INCREMENT, AUTO_INCREMENT=6;
/*!40101 SET CHARACTER_SET_CLIENT=@OLD_CHARACTER_SET_CLIENT */;
/*!40101 SET CHARACTER_SET_RESULTS=@OLD_CHARACTER_SET_RESULTS */;
/*!40101 SET COLLATION_CONNECTION=@OLD_COLLATION_CONNECTION */;
